name,id,budget amount,creation time,amount spent,section ids
Test conversions USA ALL Platforms,00f2ac91242566517a2857082a9722e768,20,2019-11-03 12:01:29,0
Test Traffic Desktop US,00260216138447a76be5e8f50b3701920f,20,2019-11-03 12:05:37,0
A Traffic Desktop US,00f2ac3dce57305b6fb09dd9248cee835c,20,2019-11-05 09:45:13,0
Objective: Conversions - BID: Conversions ( 2 conversion),000adc9001efb3debc20687eb9e91799fe,20,2019-11-05 09:47:58,0
A Traffic Desktop US Copy,00802bb436d09133044205efb4029bd0ae,20,2019-11-05 13:51:38,0,002e3c2184f19c5fd33c907542ce2934d5;00b8a8971f5c6eccc57d1697b359bd425c;0038968441de839f559473169b88b7aac3;008078469379c5885737ee7a8f4917f898;0018d84eda4006fb656845cb895b196f26;00c0aeede55776b031eb056b0456332e06
Search Test Traffic Desktop US Copy Copy,00cfad3d93acb67ce77ad607f1f4f43f28,20,2019-11-07 06:10:28,0
new campaign,0063ee56108fb5e1a151a492e042efebb5,20,2019-11-07 11:28:58,0
Search Test Conversions ALL US [code-copy]#1,003dfa3cab19c8d95d3775f9bdcd0df57b,20,2019-11-07 11:32:07,0
B Conversions ALL US [code-copy]#2,00bb20d8b84ffe9f4624dca478ed274eb3,20,2019-11-07 11:43:31,0
Search Test Conversions ALL US [code-copy]#3,0017196fb257cba75f332824d3b8c55f17,20,2019-11-07 11:47:38,0
Search Test Conversions ALL US [code-copy]#4,00714262592fd55aba452297de025c5077,20,2019-11-07 11:50:10,0
Search Test Conversions ALL US [code-copy]#5,00df09ec65cd7cecf7a45c266563e623d9,20,2019-11-07 11:52:56,0
Search Test Conversions ALL US [code-copy]#6,00e6c4e970750227bf70fec78055d7fc46,20,2019-11-07 12:03:41,0
A Traffic ALL US Copy 2,007e7e21099978a446911f6adc0cfb6a76,50,2019-11-09 14:41:00,0,002e3c2184f19c5fd33c907542ce2934d5;00b8a8971f5c6eccc57d1697b359bd425c;0038968441de839f559473169b88b7aac3
A Traffic ALL US Copy 3,0062f6350b8d23b9268cfc3c18f28fce10,30,2019-11-09 14:42:49,0,002e3c2184f19c5fd33c907542ce2934d5;00b8a8971f5c6eccc57d1697b359bd425c;0038968441de839f559473169b88b7aac3
AAA,0025e82b21063d6e9ad4df8a5b30c61ee8,20,2019-11-10 11:34:00,0
AA,0060e1329f8fd87d38b0125c72c9df769e,20,2019-11-10 11:34:12,0
copy-test-1,00e72d36d83df29b7fbe4213c9aa4d8dcb,20,2019-11-10 17:46:58,0
Search Test Conversions ALL US [code-copy]#7,00c78925361a910ef5e3d9270e8a9a2036,20,2019-11-10 17:59:06,0
copy-test-2,00cede120db12086940c9290a2461d09f1,20,2019-11-11 04:24:57,0
copy-test-3,00ad35c18a630520dd7137edf2399b44dd,20,2019-11-11 04:28:52,0
A Traffic Desktop US Copy #CODECOPY-cd550d60-0466-11ea-87c7-d79dceb1dba3,0020b6ab1afbcfa5285b6c130a628bbe01,20,2019-11-11 04:36:58,0
A Traffic ALL US Copy 2 #CODECOPY-d1304bc0-0466-11ea-87c7-d79dceb1dba3,0019115fe5348379220b4e1d42ca9ea1b5,50,2019-11-11 04:37:04,0
A Traffic ALL US Copy 3 #CODECOPY-d358d110-0466-11ea-87c7-d79dceb1dba3,00478ffccf32d9360f64bbc1e299f11311,30,2019-11-11 04:37:07,0
A Traffic Desktop US Copy #CODECOPY-e06d6560-0497-11ea-8275-61c6a383cda4,006cd07c9b7164e31eb4588392d938e8f1,20,2019-11-11 10:28:15,0
A Traffic ALL US Copy 2 #CODECOPY-e2798910-0497-11ea-8275-61c6a383cda4,006ec10f4c864306e1855d3cf53e4acb1a,50,2019-11-11 10:28:18,0
A Traffic ALL US Copy 3 #CODECOPY-e467eb90-0497-11ea-8275-61c6a383cda4,00d14c79263bf1f677d44855ed23cac6dc,30,2019-11-11 10:28:21,0
A Traffic Desktop US Copy #CODECOPY-d93c9df0-0498-11ea-abb8-6b5904f7ea28,00ffd395cb81395af367d46c015a1dd078,20,2019-11-11 10:35:12,0
A Traffic ALL US Copy 2 #CODECOPY-db2dbf90-0498-11ea-abb8-6b5904f7ea28,00d692293e9ad00176e31e3e61603b5560,50,2019-11-11 10:35:15,0
A Traffic ALL US Copy 3 #CODECOPY-dd1a2640-0498-11ea-abb8-6b5904f7ea28,001b30116ca6b8f9a2793662580657487c,30,2019-11-11 10:35:19,0
copy-test-4,00f45c44d12a3d5c4354a2c2e740f91459,20,2019-11-11 10:50:28,0
A Traffic Desktop US #CODECOPY-a0dc56c0-049e-11ea-b667-833253d7607e,008e17fc2e3c1284c1cd62fe5ce1092c12,20,2019-11-11 11:16:34,0
A Traffic Desktop US #CODECOPY-ff3117a0-049f-11ea-b8a3-9ddcf3369d27,0071ad69d40029ec050da0c0acd9039b38,20,2019-11-11 11:26:22,0
A Traffic Desktop US #CODECOPY-2f17f880-04a0-11ea-9b8f-0724a670cc49,00110f1434b02825299a6048731d1c9920,20,2019-11-11 11:27:43,0
A Traffic Desktop US #CODECOPY-919f34f0-04a0-11ea-8ee2-1db84a24c84f,0015d4c55a0c8fd0e7b9ee6dc97c76f1c1,20,2019-11-11 11:30:28,0
A Traffic Desktop US #CODECOPY-9a9ab4d0-04a0-11ea-9194-75b89795a82e,0094c541c1072685010114172a230a4859,20,2019-11-11 11:30:43,0
A Traffic Desktop US #CODECOPY-ec20ea40-04a0-11ea-9345-d34bc4779925,0070772cabb67d3138c34f007a4ce0a649,20,2019-11-11 11:33:00,0
A Traffic Desktop US #CODECOPY-ed850e20-04a0-11ea-b83e-31e448e7fec2,007ed049663c1774332d16be402b8ec6a6,20,2019-11-11 11:33:02,0
A Traffic Desktop US #CODECOPY-05257c90-04a1-11ea-b6f0-a549ae0e6427,005e022670a8972b16e58beed9b698dd95,20,2019-11-11 11:33:42,0
A Traffic Desktop US #CODECOPY-145baea0-04a1-11ea-9827-51f552e6fa31,00cad1dcec1a3be9e052d7dd0e3783c8c2,20,2019-11-11 11:34:07,0
a,00adc247c4c066b2bdb1349d00817d7df6,20,2019-11-11 11:34:12,0
b,00de81e3f09fbedc04a7a3a90d43486bb2,50,2019-11-11 11:34:15,0
c,003d263df2ca9839502d7c741ffbce0d2b,30,2019-11-11 11:34:18,0
A Traffic Desktop US Copy #CODECOPY-d769c3a0-04a1-11ea-9bd5-7b460f0dd5f2,0051bba93c781d3bcb28a2e185b0bd2426,20,2019-11-11 11:39:34,0,002e3c2184f19c5fd33c907542ce2934d5;00b8a8971f5c6eccc57d1697b359bd425c;0038968441de839f559473169b88b7aac3
A Traffic ALL US Copy 2 #CODECOPY-d95e8ec0-04a1-11ea-9bd5-7b460f0dd5f2,00f1eea10528f418fac0c17585dd70286d,50,2019-11-11 11:39:38,0,002e3c2184f19c5fd33c907542ce2934d5;00b8a8971f5c6eccc57d1697b359bd425c;0038968441de839f559473169b88b7aac3
A Traffic ALL US Copy 3 #CODECOPY-db3f5cb0-04a1-11ea-9bd5-7b460f0dd5f2,000638795dc1278d465d0f034eebbdcbb3,30,2019-11-11 11:39:41,0,002e3c2184f19c5fd33c907542ce2934d5;00b8a8971f5c6eccc57d1697b359bd425c;0038968441de839f559473169b88b7aac3
A Traffic Desktop US Copy #CODECOPY-9f902ae0-04a2-11ea-9d34-df11818e8eba,00cd68d3fe28925e38513eafa8ada6b2f0,20,2019-11-11 11:45:10,0,002e3c2184f19c5fd33c907542ce2934d5;00b8a8971f5c6eccc57d1697b359bd425c;0038968441de839f559473169b88b7aac3
A Traffic ALL US Copy 2 #CODECOPY-a23a3c40-04a2-11ea-9d34-df11818e8eba,0060e147d95136c30aa538bd29d47e3ce6,50,2019-11-11 11:45:15,0,002e3c2184f19c5fd33c907542ce2934d5;00b8a8971f5c6eccc57d1697b359bd425c;0038968441de839f559473169b88b7aac3
A Traffic ALL US Copy 3 #CODECOPY-a4c46990-04a2-11ea-9d34-df11818e8eba,00d651c046bcedc5687304c894eb7a5764,30,2019-11-11 11:45:19,0,002e3c2184f19c5fd33c907542ce2934d5;00b8a8971f5c6eccc57d1697b359bd425c;0038968441de839f559473169b88b7aac3
A Traffic Desktop US Copy #CODECOPY-5c18a530-04a7-11ea-9029-c11e6780d5fd,004ca4cea6679df0206d0e33e03a1e6ff2,20,2019-11-11 12:19:05,0,002e3c2184f19c5fd33c907542ce2934d5;00b8a8971f5c6eccc57d1697b359bd425c;0038968441de839f559473169b88b7aac3
A Traffic ALL US Copy 2 #CODECOPY-5eccefc0-04a7-11ea-9029-c11e6780d5fd,00a1fc0964089c59e25100f7d8019f99ad,50,2019-11-11 12:19:09,0,002e3c2184f19c5fd33c907542ce2934d5;00b8a8971f5c6eccc57d1697b359bd425c;0038968441de839f559473169b88b7aac3
A Traffic ALL US Copy 3 #CODECOPY-61560ba0-04a7-11ea-9029-c11e6780d5fd,006a965ab90432ff9d111131a1fa763c9e,30,2019-11-11 12:19:14,0,002e3c2184f19c5fd33c907542ce2934d5;00b8a8971f5c6eccc57d1697b359bd425c;0038968441de839f559473169b88b7aac3
A Traffic Desktop US Copy #CODECOPY-bb2e6c20-04a8-11ea-ba4b-03f9cd38eb4e,00cf0fea7877abbe3564ab5e76baac0c31,20,2019-11-11 12:28:54,0,002e3c2184f19c5fd33c907542ce2934d5;00b8a8971f5c6eccc57d1697b359bd425c;0038968441de839f559473169b88b7aac3
A Traffic ALL US Copy 2 #CODECOPY-bdaefc80-04a8-11ea-ba4b-03f9cd38eb4e,00e3e3ebc3314be5287fc067354a23abee,50,2019-11-11 12:28:58,0,002e3c2184f19c5fd33c907542ce2934d5;00b8a8971f5c6eccc57d1697b359bd425c;0038968441de839f559473169b88b7aac3
A Traffic ALL US Copy 3 #CODECOPY-c028fd30-04a8-11ea-ba4b-03f9cd38eb4e,00a1733c6c394b6847cd2a156e58b31e5f,30,2019-11-11 12:29:02,0,002e3c2184f19c5fd33c907542ce2934d5;00b8a8971f5c6eccc57d1697b359bd425c;0038968441de839f559473169b88b7aac3
A Traffic Desktop US Copy #CODECOPY-f3c65660-04a8-11ea-8feb-4166950df3b7,00cb1def206568fc5d63bbe6073141558c,20,2019-11-11 12:30:29,0,002e3c2184f19c5fd33c907542ce2934d5;00b8a8971f5c6eccc57d1697b359bd425c;0038968441de839f559473169b88b7aac3
A Traffic ALL US Copy 2 #CODECOPY-f6ffd680-04a8-11ea-8feb-4166950df3b7,00866b73484d1c5e3b8c14c59b8de8707d,50,2019-11-11 12:30:34,0,002e3c2184f19c5fd33c907542ce2934d5;00b8a8971f5c6eccc57d1697b359bd425c;0038968441de839f559473169b88b7aac3
A Traffic ALL US Copy 3 #CODECOPY-f9b6e030-04a8-11ea-8feb-4166950df3b7,0023d43f206c818250410b75d2cc9f6573,30,2019-11-11 12:30:39,0,002e3c2184f19c5fd33c907542ce2934d5;00b8a8971f5c6eccc57d1697b359bd425c;0038968441de839f559473169b88b7aac3
A Traffic Desktop US Copy #CODECOPY-1b82c300-04a9-11ea-9e7b-7f2cac752253,00191713e029cd95cb163b7a2d4431ffb6,20,2019-11-11 12:31:35,0,002e3c2184f19c5fd33c907542ce2934d5;00b8a8971f5c6eccc57d1697b359bd425c;0038968441de839f559473169b88b7aac3
A Traffic ALL US Copy 2 #CODECOPY-1e205140-04a9-11ea-9e7b-7f2cac752253,00a62cd32665cd5ef548e3862fa612e539,50,2019-11-11 12:31:40,0,002e3c2184f19c5fd33c907542ce2934d5;00b8a8971f5c6eccc57d1697b359bd425c;0038968441de839f559473169b88b7aac3
A Traffic ALL US Copy 3 #CODECOPY-20abb710-04a9-11ea-9e7b-7f2cac752253,008d14e0b19e02f7c0c0f44315c36959c7,30,2019-11-11 12:31:44,0,002e3c2184f19c5fd33c907542ce2934d5;00b8a8971f5c6eccc57d1697b359bd425c;0038968441de839f559473169b88b7aac3
A Traffic Desktop US #CODECOPY-2afba360-04a9-11ea-a0fd-3f66cbf51d9b,00c4ae69fc9caa7f7c625bfd374c143aab,20,2019-11-11 12:32:01,0
A Traffic Desktop US Copy #CODECOPY-2deb2230-04a9-11ea-a0fd-3f66cbf51d9b,003cfbe9213e0d7cf4039a08df4337aa17,20,2019-11-11 12:32:06,0,002e3c2184f19c5fd33c907542ce2934d5;00b8a8971f5c6eccc57d1697b359bd425c;0038968441de839f559473169b88b7aac3
A Traffic ALL US Copy 2 #CODECOPY-309e5b50-04a9-11ea-a0fd-3f66cbf51d9b,007864c2e29dc7abdf3ba888349bd921b1,50,2019-11-11 12:32:11,0,002e3c2184f19c5fd33c907542ce2934d5;00b8a8971f5c6eccc57d1697b359bd425c;0038968441de839f559473169b88b7aac3
A Traffic ALL US Copy 3 #CODECOPY-333f6c00-04a9-11ea-a0fd-3f66cbf51d9b,00a03be17574a3f2d6b66b9e7bff201349,30,2019-11-11 12:32:15,0,002e3c2184f19c5fd33c907542ce2934d5;00b8a8971f5c6eccc57d1697b359bd425c;0038968441de839f559473169b88b7aac3
A Traffic Desktop US #CODECOPY-4dbd9ea0-04ac-11ea-9bdb-e91e4c289c93,008346c89912de29acd54caef29ffcd097,20,2019-11-11 12:54:28,0
A Traffic Desktop US Copy #CODECOPY-50062f10-04ac-11ea-9bdb-e91e4c289c93,00cb29a83dc2f1dda8c30e1d70ca9c29ec,20,2019-11-11 12:54:32,0,002e3c2184f19c5fd33c907542ce2934d5;00b8a8971f5c6eccc57d1697b359bd425c;0038968441de839f559473169b88b7aac3
A Traffic ALL US Copy 2 #CODECOPY-523cbe20-04ac-11ea-9bdb-e91e4c289c93,00b3cec461e2d3840a08ac3fb884b635c8,50,2019-11-11 12:54:36,0,002e3c2184f19c5fd33c907542ce2934d5;00b8a8971f5c6eccc57d1697b359bd425c;0038968441de839f559473169b88b7aac3
A Traffic ALL US Copy 3 #CODECOPY-549f1820-04ac-11ea-9bdb-e91e4c289c93,009aae3e83dfe0e3b304ddb6f7dbd0a22f,30,2019-11-11 12:54:40,0,002e3c2184f19c5fd33c907542ce2934d5;00b8a8971f5c6eccc57d1697b359bd425c;0038968441de839f559473169b88b7aac3
A Traffic Desktop US #CODECOPY-c5d7ed50-04ac-11ea-b90c-011f7d0945f7,00ec47a6f53ce23d91c4ad4f3ba9f92b81,20,2019-11-11 12:57:49,0
A Traffic Desktop US Copy #CODECOPY-c7ffaf50-04ac-11ea-b90c-011f7d0945f7,0043c84f3493be86e2f671dc12483a0612,20,2019-11-11 12:57:53,0,002e3c2184f19c5fd33c907542ce2934d5;00b8a8971f5c6eccc57d1697b359bd425c;0038968441de839f559473169b88b7aac3
A Traffic ALL US Copy 2 #CODECOPY-ca1bb180-04ac-11ea-b90c-011f7d0945f7,00f04bcf0c93897aa61f44691804f2e77c,50,2019-11-11 12:57:57,0,002e3c2184f19c5fd33c907542ce2934d5;00b8a8971f5c6eccc57d1697b359bd425c;0038968441de839f559473169b88b7aac3
A Traffic ALL US Copy 3 #CODECOPY-cc2a9450-04ac-11ea-b90c-011f7d0945f7,005dc59679014889f67e4e2241ab97fd26,30,2019-11-11 12:58:00,0,002e3c2184f19c5fd33c907542ce2934d5;00b8a8971f5c6eccc57d1697b359bd425c;0038968441de839f559473169b88b7aac3
A Traffic Desktop US #CODECOPY-d9bda840-04ad-11ea-80ea-a5d0b4fd9c58,00ef6baeba7b13627142c76b7cd2155bab,20,2019-11-11 13:05:33,0
A Traffic Desktop US Copy #CODECOPY-dc8839f0-04ad-11ea-80ea-a5d0b4fd9c58,002f050d8e6e763b577cd322bcc93bbda6,20,2019-11-11 13:05:37,0,002e3c2184f19c5fd33c907542ce2934d5;00b8a8971f5c6eccc57d1697b359bd425c;0038968441de839f559473169b88b7aac3
A Traffic ALL US Copy 2 #CODECOPY-df44c1e0-04ad-11ea-80ea-a5d0b4fd9c58,008324dac769da8ec686202650d3373895,50,2019-11-11 13:05:42,0,002e3c2184f19c5fd33c907542ce2934d5;00b8a8971f5c6eccc57d1697b359bd425c;0038968441de839f559473169b88b7aac3
A Traffic ALL US Copy 3 #CODECOPY-e1f47890-04ad-11ea-80ea-a5d0b4fd9c58,0009ca3243b4b246760e904f99b98e4745,30,2019-11-11 13:05:46,0,002e3c2184f19c5fd33c907542ce2934d5;00b8a8971f5c6eccc57d1697b359bd425c;0038968441de839f559473169b88b7aac3
A Traffic Desktop US #CODECOPY-fd41e970-04ad-11ea-bd30-513a6d8081bd,003045e5dc5c0a663bf8aea5d6b9ed451a,20,2019-11-11 13:06:32,0
A Traffic Desktop US Copy #CODECOPY-002421d0-04ae-11ea-bd30-513a6d8081bd,005c33f390917282a31d510fb5d8e08659,20,2019-11-11 13:06:37,0,002e3c2184f19c5fd33c907542ce2934d5;00b8a8971f5c6eccc57d1697b359bd425c;0038968441de839f559473169b88b7aac3
A Traffic ALL US Copy 2 #CODECOPY-03065a30-04ae-11ea-bd30-513a6d8081bd,00ec4918a92eaaa772433613843f3d9d6f,50,2019-11-11 13:06:42,0,002e3c2184f19c5fd33c907542ce2934d5;00b8a8971f5c6eccc57d1697b359bd425c;0038968441de839f559473169b88b7aac3
A Traffic ALL US Copy 3 #CODECOPY-05eb2aa0-04ae-11ea-bd30-513a6d8081bd,00b8e7be9e9c5bcbe3708c197720353b3c,30,2019-11-11 13:06:47,0,002e3c2184f19c5fd33c907542ce2934d5;00b8a8971f5c6eccc57d1697b359bd425c;0038968441de839f559473169b88b7aac3
A Traffic Desktop US #CODECOPY-845e13c0-04ae-11ea-a047-fdca1cabbd94,00006dbb7572dccfc05d5b8c872ae83c43,20,2019-11-11 13:10:19,0
A Traffic Desktop US Copy #CODECOPY-87232730-04ae-11ea-a047-fdca1cabbd94,00bc11a9ab848fea1e5101e410396d9e50,20,2019-11-11 13:10:23,0,002e3c2184f19c5fd33c907542ce2934d5;00b8a8971f5c6eccc57d1697b359bd425c;0038968441de839f559473169b88b7aac3
A Traffic ALL US Copy 2 #CODECOPY-89dcf000-04ae-11ea-a047-fdca1cabbd94,00e421a060c10203626eae4863db394968,50,2019-11-11 13:10:28,0,002e3c2184f19c5fd33c907542ce2934d5;00b8a8971f5c6eccc57d1697b359bd425c;0038968441de839f559473169b88b7aac3
A Traffic Desktop US #CODECOPY-5230da70-04b0-11ea-92be-dba39def703c,007673034bcaec6d105b42e1d9d0054011,20,2019-11-11 13:23:13,0
A Traffic Desktop US Copy #CODECOPY-5459ade0-04b0-11ea-92be-dba39def703c,0030bb0aa34ee0849e793470e38fa3e6ef,20,2019-11-11 13:23:17,0,002e3c2184f19c5fd33c907542ce2934d5;00b8a8971f5c6eccc57d1697b359bd425c;0038968441de839f559473169b88b7aac3
A Traffic ALL US Copy 2 #CODECOPY-5683b9d0-04b0-11ea-92be-dba39def703c,0098441d746c6a67c04f013d16c62f5323,50,2019-11-11 13:23:21,0,002e3c2184f19c5fd33c907542ce2934d5;00b8a8971f5c6eccc57d1697b359bd425c;0038968441de839f559473169b88b7aac3
A Traffic ALL US Copy 3 #CODECOPY-589a64d0-04b0-11ea-92be-dba39def703c,00399ed1e4c244949bc75f87c24979842b,30,2019-11-11 13:23:24,0,002e3c2184f19c5fd33c907542ce2934d5;00b8a8971f5c6eccc57d1697b359bd425c;0038968441de839f559473169b88b7aac3
A Traffic Desktop US #CODECOPY-be007e40-04b0-11ea-ba5c-531442192958,00789dd05539fd1221f8fdc3219525f79c,20,2019-11-11 13:26:14,0
A Traffic Desktop US #CODECOPY-d6e92420-04b0-11ea-8529-01c84a23f966,0043ab39c338561971733cb8635c053f40,20,2019-11-11 13:26:56,0
A Traffic Desktop US Copy #CODECOPY-d91727b0-04b0-11ea-8529-01c84a23f966,0080a4b18db59a18d8b8c56f61105fbb86,20,2019-11-11 13:27:00,0,002e3c2184f19c5fd33c907542ce2934d5;00b8a8971f5c6eccc57d1697b359bd425c;0038968441de839f559473169b88b7aac3
A Traffic Desktop US #CODECOPY-005ebd00-04b2-11ea-8c69-d9d2a86717b3,00d29a5619a6fa6aa8fc91674e01c809f6,20,2019-11-11 13:35:15,0
A Traffic Desktop US Copy #CODECOPY-031a5a90-04b2-11ea-8c69-d9d2a86717b3,009de6cadf200faebf75a0d231baabc8ce,20,2019-11-11 13:35:20,0,002e3c2184f19c5fd33c907542ce2934d5;00b8a8971f5c6eccc57d1697b359bd425c;0038968441de839f559473169b88b7aac3
A Traffic ALL US Copy 2 #CODECOPY-05fce110-04b2-11ea-8c69-d9d2a86717b3,00a87cec57cc1299d6fb76d44a9fded20e,50,2019-11-11 13:35:25,0,002e3c2184f19c5fd33c907542ce2934d5;00b8a8971f5c6eccc57d1697b359bd425c;0038968441de839f559473169b88b7aac3
A Traffic ALL US Copy 3 #CODECOPY-08a48170-04b2-11ea-8c69-d9d2a86717b3,003266508133a14749d7fccf5bbd0e73cd,30,2019-11-11 13:35:29,0,002e3c2184f19c5fd33c907542ce2934d5;00b8a8971f5c6eccc57d1697b359bd425c;0038968441de839f559473169b88b7aac3
A Traffic Desktop US #CODECOPY-1c0f4a90-04b4-11ea-b00f-95dd01e2a3dc,001bbff0ee6a69578dd9d4ddcd6ffbb246,20,2019-11-11 13:50:21,0
A Traffic Desktop US Copy #CODECOPY-1ed8a3c0-04b4-11ea-b00f-95dd01e2a3dc,005b7547acbb8e20e8d1feed58ee1c5a69,20,2019-11-11 13:50:25,0,002e3c2184f19c5fd33c907542ce2934d5;00b8a8971f5c6eccc57d1697b359bd425c;0038968441de839f559473169b88b7aac3
A Traffic Desktop US #CODECOPY-6b06bed0-04b4-11ea-b469-79f2ef4d87f5,005a3ff658083849f8f49f78a8505c1829,20,2019-11-11 13:52:33,0
A Traffic Desktop US Copy #CODECOPY-6dc14af0-04b4-11ea-b469-79f2ef4d87f5,0033b8a9ccc2547f280b5df4f6461cb03d,20,2019-11-11 13:52:38,0,002e3c2184f19c5fd33c907542ce2934d5;00b8a8971f5c6eccc57d1697b359bd425c;0038968441de839f559473169b88b7aac3
A Traffic ALL US Copy 2 #CODECOPY-70835120-04b4-11ea-b469-79f2ef4d87f5,008c8e633247d91e5ea56b57f4896a276e,50,2019-11-11 13:52:42,0,002e3c2184f19c5fd33c907542ce2934d5;00b8a8971f5c6eccc57d1697b359bd425c;0038968441de839f559473169b88b7aac3
A Traffic ALL US Copy 3 #CODECOPY-731b6120-04b4-11ea-b469-79f2ef4d87f5,00fe374e8d79f10eb78b20c5bda02d1f3d,30,2019-11-11 13:52:47,0,002e3c2184f19c5fd33c907542ce2934d5;00b8a8971f5c6eccc57d1697b359bd425c;0038968441de839f559473169b88b7aac3
A Traffic Desktop US #CODECOPY-277c7140-04b5-11ea-8101-23d50cdcb868,00941fdfdac5cb81742232599a7cda401f,20,2019-11-11 13:57:49,0
A Traffic Desktop US Copy #CODECOPY-29d2bd50-04b5-11ea-8101-23d50cdcb868,00a23d8574886ef694355859d10e0be2e5,20,2019-11-11 13:57:53,0,002e3c2184f19c5fd33c907542ce2934d5;00b8a8971f5c6eccc57d1697b359bd425c;0038968441de839f559473169b88b7aac3
A Traffic ALL US Copy 2 #CODECOPY-2c5374c0-04b5-11ea-8101-23d50cdcb868,00a0d115e627e580944d4a0da76987a8da,50,2019-11-11 13:57:57,0,002e3c2184f19c5fd33c907542ce2934d5;00b8a8971f5c6eccc57d1697b359bd425c;0038968441de839f559473169b88b7aac3
A Traffic ALL US Copy 3 #CODECOPY-2e7654c0-04b5-11ea-8101-23d50cdcb868,00cbcf43548c192bd82fd38d34df09f2b8,30,2019-11-11 13:58:01,0,002e3c2184f19c5fd33c907542ce2934d5;00b8a8971f5c6eccc57d1697b359bd425c;0038968441de839f559473169b88b7aac3
A Traffic Desktop US #CODECOPY-4debeb80-04b5-11ea-9c38-dbedca614b1e,00e283b5c269992bd8a0e2b8a126acc8b5,20,2019-11-11 13:58:54,0
A Traffic Desktop US Copy #CODECOPY-5044a890-04b5-11ea-9c38-dbedca614b1e,001b29197ce9c3f4d7b31a41a45c0f4811,20,2019-11-11 13:58:58,0,002e3c2184f19c5fd33c907542ce2934d5;00b8a8971f5c6eccc57d1697b359bd425c;0038968441de839f559473169b88b7aac3
A Traffic ALL US Copy 2 #CODECOPY-5287bac0-04b5-11ea-9c38-dbedca614b1e,0014f4830b060d2430fe9a1e4b1b4bde48,50,2019-11-11 13:59:02,0,002e3c2184f19c5fd33c907542ce2934d5;00b8a8971f5c6eccc57d1697b359bd425c;0038968441de839f559473169b88b7aac3
A Traffic ALL US Copy 3 #CODECOPY-54cb1b10-04b5-11ea-9c38-dbedca614b1e,0065965b20ad3ab2bc57a6a8876db5598d,30,2019-11-11 13:59:05,0,002e3c2184f19c5fd33c907542ce2934d5;00b8a8971f5c6eccc57d1697b359bd425c;0038968441de839f559473169b88b7aac3
A Traffic Desktop US #CODECOPY-1b975a70-04bf-11ea-bf74-553342a62702,004f640c439a6af16c543450576c8f5e52,20,2019-11-11 15:09:04,0
A Traffic Desktop US Copy #CODECOPY-1e89bf70-04bf-11ea-bf74-553342a62702,004e648af979c9a60571517bd43aec868b,20,2019-11-11 15:09:09,0,002e3c2184f19c5fd33c907542ce2934d5;00b8a8971f5c6eccc57d1697b359bd425c;0038968441de839f559473169b88b7aac3
A Traffic ALL US Copy 2 #CODECOPY-21112da0-04bf-11ea-bf74-553342a62702,005a515fdba0a3768a24be81146c881336,50,2019-11-11 15:09:13,0,002e3c2184f19c5fd33c907542ce2934d5;00b8a8971f5c6eccc57d1697b359bd425c;0038968441de839f559473169b88b7aac3
A Traffic ALL US Copy 3 #CODECOPY-235948e0-04bf-11ea-bf74-553342a62702,008a8c6df836e973c981aaf38064fe8d7e,30,2019-11-11 15:09:17,0,002e3c2184f19c5fd33c907542ce2934d5;00b8a8971f5c6eccc57d1697b359bd425c;0038968441de839f559473169b88b7aac3
A Traffic Desktop US #CODECOPY-7e55fef0-04dd-11ea-9676-911187661b2a,0026694bab57c130f3dd26f87484108034,20,2019-11-11 18:46:36,0
A Traffic Desktop US Copy #CODECOPY-8118a160-04dd-11ea-9676-911187661b2a,00b666caebe4da3537822e3ace752db1b6,20,2019-11-11 18:46:40,0,002e3c2184f19c5fd33c907542ce2934d5;00b8a8971f5c6eccc57d1697b359bd425c;0038968441de839f559473169b88b7aac3
A Traffic ALL US Copy 2 #CODECOPY-83ca7af0-04dd-11ea-9676-911187661b2a,00818211ac29000a463831a40ff3f32df0,50,2019-11-11 18:46:45,0,002e3c2184f19c5fd33c907542ce2934d5;00b8a8971f5c6eccc57d1697b359bd425c;0038968441de839f559473169b88b7aac3
A Traffic ALL US Copy 3 #CODECOPY-8637aa60-04dd-11ea-9676-911187661b2a,00ad9175d4a1eaf01b08a775f96aaf7ae4,30,2019-11-11 18:46:49,0,002e3c2184f19c5fd33c907542ce2934d5;00b8a8971f5c6eccc57d1697b359bd425c;0038968441de839f559473169b88b7aac3
A Traffic Desktop US #CODECOPY-d392de50-04de-11ea-af8a-91fb36a0f11c,00e6e2b98a91eed8c9a39d788596bbe5f3,20,2019-11-11 18:56:08,0
A Traffic Desktop US #CODECOPY-f0c7acd0-04de-11ea-b1a8-f9518c86f685,0072de2ec65317e9ccb22256446633f4cc,20,2019-11-11 18:56:57,0
A Traffic Desktop US Copy #CODECOPY-f4130740-04de-11ea-b1a8-f9518c86f685,0043741b4546eca1628ccb3a54c4377bae,20,2019-11-11 18:57:03,0,002e3c2184f19c5fd33c907542ce2934d5;00b8a8971f5c6eccc57d1697b359bd425c;0038968441de839f559473169b88b7aac3
A Traffic ALL US Copy 2 #CODECOPY-f781a120-04de-11ea-b1a8-f9518c86f685,006e370e5d9a7915b248377e7a53c51b29,50,2019-11-11 18:57:09,0,002e3c2184f19c5fd33c907542ce2934d5;00b8a8971f5c6eccc57d1697b359bd425c;0038968441de839f559473169b88b7aac3
A Traffic ALL US Copy 3 #CODECOPY-fa8ee120-04de-11ea-b1a8-f9518c86f685,002e577efcb1a1beb10ac4d25c39146d65,30,2019-11-11 18:57:14,0,002e3c2184f19c5fd33c907542ce2934d5;00b8a8971f5c6eccc57d1697b359bd425c;0038968441de839f559473169b88b7aac3
A Traffic ALL US Copy 2 #CODECOPY-3741d1e0-04df-11ea-94b5-c1f1c14ee9ae,005380dd6b6fd0cce48ac6490e6adbc8ac,50,2019-11-11 18:58:55,0,002e3c2184f19c5fd33c907542ce2934d5;00b8a8971f5c6eccc57d1697b359bd425c;0038968441de839f559473169b88b7aac3
A Traffic Desktop US Copy #CODECOPY-3adbc180-04df-11ea-94b5-c1f1c14ee9ae,0069f574c933b859e21cd5d8919caaabb7,20,2019-11-11 18:59:01,0,002e3c2184f19c5fd33c907542ce2934d5;00b8a8971f5c6eccc57d1697b359bd425c;0038968441de839f559473169b88b7aac3
A Traffic ALL US Copy 3 #CODECOPY-3d80c9d0-04df-11ea-94b5-c1f1c14ee9ae,00112516254c4c43b8684ca8c92a0005a6,30,2019-11-11 18:59:06,0,002e3c2184f19c5fd33c907542ce2934d5;00b8a8971f5c6eccc57d1697b359bd425c;0038968441de839f559473169b88b7aac3
A Traffic ALL US Copy 2 #CODECOPY-6f824d50-04df-11ea-8c32-2f45919e4cf5,007f4dc07044986b77e9a4701f64860efe,50,2019-11-11 19:00:30,0,002e3c2184f19c5fd33c907542ce2934d5;00b8a8971f5c6eccc57d1697b359bd425c;0038968441de839f559473169b88b7aac3
A Traffic Desktop US #CODECOPY-72080dd0-04df-11ea-8c32-2f45919e4cf5,0073d302ba27b569404f93b98a373528a9,20,2019-11-11 19:00:34,0
A Traffic Desktop US Copy #CODECOPY-74bccd90-04df-11ea-8c32-2f45919e4cf5,009fa5f6a20ef059ca65342114ddba0a11,20,2019-11-11 19:00:39,0,002e3c2184f19c5fd33c907542ce2934d5;00b8a8971f5c6eccc57d1697b359bd425c;0038968441de839f559473169b88b7aac3
A Traffic ALL US Copy 3 #CODECOPY-77951ae0-04df-11ea-8c32-2f45919e4cf5,00c636b8eb4207ada29f246d397426ee92,30,2019-11-11 19:00:43,0,002e3c2184f19c5fd33c907542ce2934d5;00b8a8971f5c6eccc57d1697b359bd425c;0038968441de839f559473169b88b7aac3
A Traffic ALL US Copy 2 #CODECOPY-7b7f5090-04e3-11ea-8b9c-a51026bab04b,0086bbd5828ca9df6c41b1e65bedc082e5,50,2019-11-11 19:29:28,0,002e3c2184f19c5fd33c907542ce2934d5;00b8a8971f5c6eccc57d1697b359bd425c;0038968441de839f559473169b88b7aac3
A Traffic Desktop US #CODECOPY-7df7caa0-04e3-11ea-8b9c-a51026bab04b,00214973b3a1e7dff545e5a88864f7b7db,20,2019-11-11 19:29:33,0
A Traffic Desktop US Copy #CODECOPY-8185ac50-04e3-11ea-8b9c-a51026bab04b,00fea7e41126b9c22ee329b5fb309c5156,20,2019-11-11 19:29:38,0,002e3c2184f19c5fd33c907542ce2934d5;00b8a8971f5c6eccc57d1697b359bd425c;0038968441de839f559473169b88b7aac3
A Traffic ALL US Copy 3 #CODECOPY-842b77f0-04e3-11ea-8b9c-a51026bab04b,005c576c312a993f65bdce8f28bbc7f143,30,2019-11-11 19:29:42,0,002e3c2184f19c5fd33c907542ce2934d5;00b8a8971f5c6eccc57d1697b359bd425c;0038968441de839f559473169b88b7aac3
A Traffic Desktop US #CODECOPY-c3f14e00-04e3-11ea-b948-c39f1f0c8510,00cd614f498b8088c36fddc1cca7117c81,20,2019-11-11 19:31:31,0
A Traffic Desktop US #CODECOPY-3f1f1e40-04e4-11ea-9ccc-43285c784859,00950544be005794858f40e7a164be53be,20,2019-11-11 19:34:58,0
A Traffic Desktop US #CODECOPY-86498080-04e4-11ea-a438-b95e2904686e,00bea5da62a37e2be689cbf89a5ca5a837,20,2019-11-11 19:36:57,0
A Traffic Desktop US #CODECOPY-97f45c10-04e4-11ea-b5ad-f93258021fe1,00f6a9304ebda2534bf483baf83c0cf238,20,2019-11-11 19:37:27,0
A Traffic Desktop US #CODECOPY-0d69f090-04e5-11ea-8b97-fda41926e76f,00e0e6056608743bdabaad514ba980294f,20,2019-11-11 19:40:44,0
A Traffic Desktop US #CODECOPY-c115ec10-04e6-11ea-b6f8-3539e7311cbb,006368202130839bea3be6f2bba31c05c0,20,2019-11-11 19:52:55,0
A Traffic Desktop US #CODECOPY-ccf6b190-04e6-11ea-9482-cf597c7bbbe9,00cd35dcfd328238f71985bd8ff5a57295,20,2019-11-11 19:53:15,0
A Traffic ALL US Copy 2 #CODECOPY-1af21290-04e7-11ea-9695-bbab88a5760d,00e3243f492dd39e6d0be02952cead7c24,50,2019-11-11 19:55:24,0,002e3c2184f19c5fd33c907542ce2934d5;00b8a8971f5c6eccc57d1697b359bd425c;0038968441de839f559473169b88b7aac3
A Traffic Desktop US #CODECOPY-1d60a190-04e7-11ea-9695-bbab88a5760d,0014699871b14390d4a4913832311b5269,20,2019-11-11 19:55:29,0
A Traffic Desktop US Copy #CODECOPY-20c9e440-04e7-11ea-9695-bbab88a5760d,000da1f29f87487e86de390e01b5f68b45,20,2019-11-11 19:55:34,0,002e3c2184f19c5fd33c907542ce2934d5;00b8a8971f5c6eccc57d1697b359bd425c;0038968441de839f559473169b88b7aac3
A Traffic ALL US Copy 3 #CODECOPY-23849770-04e7-11ea-9695-bbab88a5760d,00f938f26ee448ebe3e229eb66ffa8d4e4,30,2019-11-11 19:55:38,0,002e3c2184f19c5fd33c907542ce2934d5;00b8a8971f5c6eccc57d1697b359bd425c;0038968441de839f559473169b88b7aac3
A Traffic ALL US Copy 2 #CODECOPY-3f45a080-057d-11ea-ad3b-097c77da8125,0071a4888b56acc9d3a014f0043c54620f,50,2019-11-12 13:50:08,0,002e3c2184f19c5fd33c907542ce2934d5;00b8a8971f5c6eccc57d1697b359bd425c;0038968441de839f559473169b88b7aac3
A Traffic Desktop US #CODECOPY-41b39340-057d-11ea-ad3b-097c77da8125,00028fd2baa11a44deba9920f5c7f1fea6,20,2019-11-12 13:50:13,0
A Traffic Desktop US Copy #CODECOPY-4539fae0-057d-11ea-ad3b-097c77da8125,004b6dee4b048bc07ddd69c517988f0083,20,2019-11-12 13:50:18,0,002e3c2184f19c5fd33c907542ce2934d5;00b8a8971f5c6eccc57d1697b359bd425c;0038968441de839f559473169b88b7aac3
A Traffic ALL US Copy 3 #CODECOPY-4818fef0-057d-11ea-ad3b-097c77da8125,0000e3fe71fd9cd8d973268c52509ddd33,30,2019-11-12 13:50:23,0,002e3c2184f19c5fd33c907542ce2934d5;00b8a8971f5c6eccc57d1697b359bd425c;0038968441de839f559473169b88b7aac3
A Traffic Desktop US #CODECOPY-0d0c27a0-057e-11ea-80fc-a391488ea25f,0075f2cdd86fbc02df65614c6a35d734b7,20,2019-11-12 13:55:54,0
A Traffic Desktop US #CODECOPY-be79fd80-0580-11ea-8932-95ec1625d579,0014563182c7d2319b62f5715b7cc46ac1,20,2019-11-12 14:15:11,0
A Traffic Desktop US #CODECOPY-0ae2d7a0-0581-11ea-bee7-396ecca9f988,008f9690bb61823522d5baa886646b0523,20,2019-11-12 14:17:19,0
A Traffic ALL US Copy 2 #CODECOPY-4432c740-0581-11ea-a494-7f133a4042ee,00b8da1d07b9357a4513165e28c5e8b07f,50,2019-11-12 14:18:54,0,002e3c2184f19c5fd33c907542ce2934d5;00b8a8971f5c6eccc57d1697b359bd425c;0038968441de839f559473169b88b7aac3
A Traffic ALL US Copy 2 #CODECOPY-e05d26f0-0582-11ea-ab7c-bb0d3e7f5331,00a93af873bc4c036f4debe74a22f01bbc,50,2019-11-12 14:30:26,0,002e3c2184f19c5fd33c907542ce2934d5;00b8a8971f5c6eccc57d1697b359bd425c;0038968441de839f559473169b88b7aac3
A Traffic Desktop US #CODECOPY-e2e00140-0582-11ea-ab7c-bb0d3e7f5331,00decebc9300fbcaf0ea915de46706be1a,20,2019-11-12 14:30:31,0
A Traffic ALL US Copy 3 #CODECOPY-e755d1f0-0582-11ea-ab7c-bb0d3e7f5331,00a2a55b16c9f41c689ce95d853652b336,30,2019-11-12 14:30:37,0,002e3c2184f19c5fd33c907542ce2934d5;00b8a8971f5c6eccc57d1697b359bd425c;0038968441de839f559473169b88b7aac3
A Traffic Desktop US Copy #CODECOPY-27f16e90-0583-11ea-ab51-c95fca0e3f87,00f154637f60e38e9e03ad63242fe92c52,20,2019-11-12 14:32:26,0,002e3c2184f19c5fd33c907542ce2934d5;00b8a8971f5c6eccc57d1697b359bd425c;0038968441de839f559473169b88b7aac3
A Traffic ALL US Copy 3 #CODECOPY-fd276c70-0585-11ea-8e9a-5308880f8954,002c3895089486067c6c6b81c29a367a0d,30,2019-11-12 14:52:42,0,002e3c2184f19c5fd33c907542ce2934d5;00b8a8971f5c6eccc57d1697b359bd425c;0038968441de839f559473169b88b7aac3
A Traffic ALL US Copy 3 #CODECOPY-6f57af10-0588-11ea-99e1-e15c67fd135c,006df74a26a81693869e0eff40033b9ca0,30,2019-11-12 15:10:13,0,002e3c2184f19c5fd33c907542ce2934d5;00b8a8971f5c6eccc57d1697b359bd425c;0038968441de839f559473169b88b7aac3
A Traffic ALL US Copy 3 #CODECOPY-cabbae10-0588-11ea-9c74-ebe05f4ec362,00b9673e8cbf088e8b4e93accb6eaa3bc5,30,2019-11-12 15:12:46,0,002e3c2184f19c5fd33c907542ce2934d5;00b8a8971f5c6eccc57d1697b359bd425c;0038968441de839f559473169b88b7aac3
A Traffic Desktop US #CODECOPY-0306fef0-0589-11ea-a39e-2f9fed3a2f5e,000567521b6ae9012ec99b96640ce65b56,20,2019-11-12 15:14:22,0
A Traffic Desktop US Copy #CODECOPY-06329c60-0589-11ea-a39e-2f9fed3a2f5e,006b56bef0a058555a2b7d06e7e86e9e6e,20,2019-11-12 15:14:26,0,002e3c2184f19c5fd33c907542ce2934d5;00b8a8971f5c6eccc57d1697b359bd425c;0038968441de839f559473169b88b7aac3
A Traffic ALL US Copy 2 #CODECOPY-08ec6530-0589-11ea-a39e-2f9fed3a2f5e,007d746a6a0e8e4dbc17d23886a9316822,50,2019-11-12 15:14:31,0,002e3c2184f19c5fd33c907542ce2934d5;00b8a8971f5c6eccc57d1697b359bd425c;0038968441de839f559473169b88b7aac3
A Traffic ALL US Copy 3 #CODECOPY-0b3fcb10-0589-11ea-a39e-2f9fed3a2f5e,009bb1f563dc510f9034749eefb7e7ef6e,30,2019-11-12 15:14:35,0,002e3c2184f19c5fd33c907542ce2934d5;00b8a8971f5c6eccc57d1697b359bd425c;0038968441de839f559473169b88b7aac3
A Traffic Desktop US #CODECOPY-32e8afb0-0589-11ea-b9ba-c7d47c69387b,000678b62696c9260a50266ee96ac427b5,20,2019-11-12 15:15:42,0
A Traffic Desktop US Copy #CODECOPY-36c28e80-0589-11ea-b9ba-c7d47c69387b,00ab8aec2f8e77a1ead165589e8551397d,20,2019-11-12 15:15:48,0,002e3c2184f19c5fd33c907542ce2934d5;00b8a8971f5c6eccc57d1697b359bd425c;0038968441de839f559473169b88b7aac3
A Traffic ALL US Copy 2 #CODECOPY-39b36ce0-0589-11ea-b9ba-c7d47c69387b,002537b6852e76ef8ab5b497f969d0ce90,50,2019-11-12 15:15:52,0,002e3c2184f19c5fd33c907542ce2934d5;00b8a8971f5c6eccc57d1697b359bd425c;0038968441de839f559473169b88b7aac3
A Traffic ALL US Copy 3 #CODECOPY-3c30c8f0-0589-11ea-b9ba-c7d47c69387b,0089bfc2e4ab4b073df534a9bc4ed63939,30,2019-11-12 15:15:57,0,002e3c2184f19c5fd33c907542ce2934d5;00b8a8971f5c6eccc57d1697b359bd425c;0038968441de839f559473169b88b7aac3
A Traffic Desktop US #CODECOPY-54633e30-0589-11ea-ab4b-891b2d1e37c3,00e237059b59e0c7099a910694aec5c7fa,20,2019-11-12 15:16:38,0
A Traffic Desktop US Copy #CODECOPY-57dbea30-0589-11ea-ab4b-891b2d1e37c3,00ea38e7dd67eb3495913a2cb61ca987be,20,2019-11-12 15:16:43,0,002e3c2184f19c5fd33c907542ce2934d5;00b8a8971f5c6eccc57d1697b359bd425c;0038968441de839f559473169b88b7aac3
A Traffic ALL US Copy 2 #CODECOPY-5aa9fe50-0589-11ea-ab4b-891b2d1e37c3,005994db857c77fe95984a3427e34dd956,50,2019-11-12 15:16:48,0,002e3c2184f19c5fd33c907542ce2934d5;00b8a8971f5c6eccc57d1697b359bd425c;0038968441de839f559473169b88b7aac3
A Traffic ALL US Copy 3 #CODECOPY-5d5659a0-0589-11ea-ab4b-891b2d1e37c3,008ef67ff8bda9640365df155c5b69ce07,30,2019-11-12 15:16:52,0,002e3c2184f19c5fd33c907542ce2934d5;00b8a8971f5c6eccc57d1697b359bd425c;0038968441de839f559473169b88b7aac3
A Traffic Desktop US #CODECOPY-6b3c8c10-0589-11ea-b8d6-c19daf006310,00937043d2f499300aedcced4594106d08,20,2019-11-12 15:17:17,0
A Traffic Desktop US Copy #CODECOPY-6ee792b0-0589-11ea-b8d6-c19daf006310,00d561d3502f26fc743c1757c62eee2a96,20,2019-11-12 15:17:22,0,002e3c2184f19c5fd33c907542ce2934d5;00b8a8971f5c6eccc57d1697b359bd425c;0038968441de839f559473169b88b7aac3
A Traffic ALL US Copy 2 #CODECOPY-71c955e0-0589-11ea-b8d6-c19daf006310,00bfb12151aba8bc9fa5055ec20c705ae2,50,2019-11-12 15:17:27,0,002e3c2184f19c5fd33c907542ce2934d5;00b8a8971f5c6eccc57d1697b359bd425c;0038968441de839f559473169b88b7aac3
A Traffic ALL US Copy 3 #CODECOPY-74592880-0589-11ea-b8d6-c19daf006310,00c9e21e5c1633a2a52a627d2b7c9306fd,30,2019-11-12 15:17:31,0,002e3c2184f19c5fd33c907542ce2934d5;00b8a8971f5c6eccc57d1697b359bd425c;0038968441de839f559473169b88b7aac3
A Traffic Desktop US #CODECOPY-7f9ceab0-0589-11ea-9999-13b58027f727,00da716c12368c47f1e7de32d2559e899b,20,2019-11-12 15:17:51,0
A Traffic Desktop US #CODECOPY-8590cfe0-0589-11ea-8b4c-59c5d6dd28ac,00cb8c922128d81d5cece7d33fd99b1bbe,20,2019-11-12 15:18:01,0
A Traffic Desktop US Copy #CODECOPY-8ac02c90-0589-11ea-8b4c-59c5d6dd28ac,00cec51f6df45ebab54bc2029a78824094,20,2019-11-12 15:18:08,0,002e3c2184f19c5fd33c907542ce2934d5;00b8a8971f5c6eccc57d1697b359bd425c;0038968441de839f559473169b88b7aac3
A Traffic ALL US Copy 2 #CODECOPY-8eafdd50-0589-11ea-8b4c-59c5d6dd28ac,00a5040d18607e97a1cbf3a9998755f492,50,2019-11-12 15:18:15,0,002e3c2184f19c5fd33c907542ce2934d5;00b8a8971f5c6eccc57d1697b359bd425c;0038968441de839f559473169b88b7aac3
A Traffic Desktop US #CODECOPY-90add030-0589-11ea-8ffa-d3705c3574b2,00f068172fa889ef4e1a08f96dd7f0c2f1,20,2019-11-12 15:18:19,0
A Traffic Desktop US #CODECOPY-90b2d940-0589-11ea-9549-c7a6ce8115d3,005a55ae1a9ccf5de5dc13637ecd78d318,20,2019-11-12 15:18:19,0
A Traffic ALL US Copy 3 #CODECOPY-91705ce0-0589-11ea-8b4c-59c5d6dd28ac,0083335314e3241ed7c130a43eb1912bf2,30,2019-11-12 15:18:20,0,002e3c2184f19c5fd33c907542ce2934d5;00b8a8971f5c6eccc57d1697b359bd425c;0038968441de839f559473169b88b7aac3
A Traffic Desktop US Copy #CODECOPY-94dd2200-0589-11ea-8ffa-d3705c3574b2,0046d63b7f62fa3244008df4d3f56857bb,20,2019-11-12 15:18:25,0,002e3c2184f19c5fd33c907542ce2934d5;00b8a8971f5c6eccc57d1697b359bd425c;0038968441de839f559473169b88b7aac3
A Traffic ALL US Copy 2 #CODECOPY-95f87d10-0589-11ea-9549-c7a6ce8115d3,0039f93fe5058be89154c211bbe6172fd8,50,2019-11-12 15:18:27,0,002e3c2184f19c5fd33c907542ce2934d5;00b8a8971f5c6eccc57d1697b359bd425c;0038968441de839f559473169b88b7aac3
A Traffic ALL US Copy 3 #CODECOPY-98c5f4f0-0589-11ea-9549-c7a6ce8115d3,006102ec3001fd5385d2bf9d7fc2a26b55,30,2019-11-12 15:18:32,0,002e3c2184f19c5fd33c907542ce2934d5;00b8a8971f5c6eccc57d1697b359bd425c;0038968441de839f559473169b88b7aac3
A Traffic ALL US Copy 2 #CODECOPY-98c6b840-0589-11ea-8ffa-d3705c3574b2,00c0cbce9bcb8920570b81523b76eacec3,50,2019-11-12 15:18:32,0,002e3c2184f19c5fd33c907542ce2934d5;00b8a8971f5c6eccc57d1697b359bd425c;0038968441de839f559473169b88b7aac3
A Traffic ALL US Copy 3 #CODECOPY-9bde7f90-0589-11ea-8ffa-d3705c3574b2,0014d5c1a22673cc950f24d39ab96d8901,30,2019-11-12 15:18:37,0,002e3c2184f19c5fd33c907542ce2934d5;00b8a8971f5c6eccc57d1697b359bd425c;0038968441de839f559473169b88b7aac3
A Traffic Desktop US #CODECOPY-cfbdc3c0-0589-11ea-82f6-af80424e64dc,00de008408a05682ef0842e97d68f771a6,20,2019-11-12 15:20:05,0
A Traffic Desktop US Copy #CODECOPY-d3ef1160-0589-11ea-82f6-af80424e64dc,008f565469891f7f228543ca3517fa7844,20,2019-11-12 15:20:11,0,002e3c2184f19c5fd33c907542ce2934d5;00b8a8971f5c6eccc57d1697b359bd425c;0038968441de839f559473169b88b7aac3
A Traffic ALL US Copy 2 #CODECOPY-d8f9cf10-0589-11ea-82f6-af80424e64dc,005b8d491a376f5dde7e650f0361cd2ff2,50,2019-11-12 15:20:20,0,002e3c2184f19c5fd33c907542ce2934d5;00b8a8971f5c6eccc57d1697b359bd425c;0038968441de839f559473169b88b7aac3
A Traffic ALL US Copy 3 #CODECOPY-dbfa3dd0-0589-11ea-82f6-af80424e64dc,00dc36f5b09c79343664a6952684ee5925,30,2019-11-12 15:20:25,0,002e3c2184f19c5fd33c907542ce2934d5;00b8a8971f5c6eccc57d1697b359bd425c;0038968441de839f559473169b88b7aac3
A Traffic Desktop US #CODECOPY-16e23290-058a-11ea-a424-0913b4cbe410,00a6c85a27c757131b115b257bbe19728d,20,2019-11-12 15:22:05,0
A Traffic Desktop US Copy #CODECOPY-1b06fd10-058a-11ea-a424-0913b4cbe410,0077b58b347bd98ce117ebc0af4e0b3d9c,20,2019-11-12 15:22:10,0,002e3c2184f19c5fd33c907542ce2934d5;00b8a8971f5c6eccc57d1697b359bd425c;0038968441de839f559473169b88b7aac3
A Traffic ALL US Copy 2 #CODECOPY-1e56c450-058a-11ea-a424-0913b4cbe410,0028f1516f730318447fc9df2a5fc5fc16,50,2019-11-12 15:22:16,0,002e3c2184f19c5fd33c907542ce2934d5;00b8a8971f5c6eccc57d1697b359bd425c;0038968441de839f559473169b88b7aac3
A Traffic ALL US Copy 3 #CODECOPY-20d5a700-058a-11ea-a424-0913b4cbe410,0048be049bab7d51d7eb1b858bd0d345b4,30,2019-11-12 15:22:20,0,002e3c2184f19c5fd33c907542ce2934d5;00b8a8971f5c6eccc57d1697b359bd425c;0038968441de839f559473169b88b7aac3
A Traffic Desktop US #CODECOPY-4616da70-058a-11ea-8491-790c08b3e04c,00dfaa9b1ca18ce0f666b80446453b1fa5,20,2019-11-12 15:23:24,0
A Traffic Desktop US Copy #CODECOPY-49dc1fd0-058a-11ea-8491-790c08b3e04c,00e8468dd993b4846b7fac090aa09c4b97,20,2019-11-12 15:23:29,0,002e3c2184f19c5fd33c907542ce2934d5;00b8a8971f5c6eccc57d1697b359bd425c;0038968441de839f559473169b88b7aac3
A Traffic ALL US Copy 2 #CODECOPY-4cd8be00-058a-11ea-8491-790c08b3e04c,004c9dae1e845827ba90b2a3b1e8cb164a,50,2019-11-12 15:23:34,0,002e3c2184f19c5fd33c907542ce2934d5;00b8a8971f5c6eccc57d1697b359bd425c;0038968441de839f559473169b88b7aac3
A Traffic ALL US Copy 3 #CODECOPY-4fac0240-058a-11ea-8491-790c08b3e04c,00ee21bfaf25d2e8ec5fc2cc475bfe1422,30,2019-11-12 15:23:39,0,002e3c2184f19c5fd33c907542ce2934d5;00b8a8971f5c6eccc57d1697b359bd425c;0038968441de839f559473169b88b7aac3
A Traffic Desktop US #CODECOPY-a7d5e4e0-058a-11ea-b8d0-3301b0035e5a,00e66cf2e7548fe774207d817cd19244a8,20,2019-11-12 15:26:08,0
A Traffic Desktop US Copy #CODECOPY-abb1e690-058a-11ea-b8d0-3301b0035e5a,00831fa468ce6d4f3274b36720d316b3ce,20,2019-11-12 15:26:13,0,002e3c2184f19c5fd33c907542ce2934d5;00b8a8971f5c6eccc57d1697b359bd425c;0038968441de839f559473169b88b7aac3
A Traffic ALL US Copy 2 #CODECOPY-ae96b700-058a-11ea-b8d0-3301b0035e5a,005c79accbb9b6202e82530c729b3fb14c,50,2019-11-12 15:26:18,0,002e3c2184f19c5fd33c907542ce2934d5;00b8a8971f5c6eccc57d1697b359bd425c;0038968441de839f559473169b88b7aac3
A Traffic ALL US Copy 3 #CODECOPY-b1285e60-058a-11ea-b8d0-3301b0035e5a,00df5ef40f184cc06db7b37345b92575f2,30,2019-11-12 15:26:22,0,002e3c2184f19c5fd33c907542ce2934d5;00b8a8971f5c6eccc57d1697b359bd425c;0038968441de839f559473169b88b7aac3
A Traffic Desktop US #CODECOPY-b45ad9a0-058a-11ea-b316-675c7c9b2593,0003cb5c504f1fe76ab3069b04fb6dad3c,20,2019-11-12 15:26:30,0
A Traffic Desktop US Copy #CODECOPY-b89c2cd0-058a-11ea-b316-675c7c9b2593,000fe19776dd298f494bc1dcd5a96d9583,20,2019-11-12 15:26:35,0,002e3c2184f19c5fd33c907542ce2934d5;00b8a8971f5c6eccc57d1697b359bd425c;0038968441de839f559473169b88b7aac3
A Traffic ALL US Copy 2 #CODECOPY-bc22bb80-058a-11ea-b316-675c7c9b2593,007591d3a14c85edc67afaa2b5d137da29,50,2019-11-12 15:26:41,0,002e3c2184f19c5fd33c907542ce2934d5;00b8a8971f5c6eccc57d1697b359bd425c;0038968441de839f559473169b88b7aac3
A Traffic ALL US Copy 3 #CODECOPY-beaa29b0-058a-11ea-b316-675c7c9b2593,00abb29e0af5e834b45272ffe5ec9e368d,30,2019-11-12 15:26:45,0,002e3c2184f19c5fd33c907542ce2934d5;00b8a8971f5c6eccc57d1697b359bd425c;0038968441de839f559473169b88b7aac3
A Traffic Desktop US #CODECOPY-e2259140-058a-11ea-a34f-e7ec8faa738a,0040b23668f056d39e9fddcc1b1ff92f6e,20,2019-11-12 15:27:46,0
A Traffic Desktop US Copy #CODECOPY-e5d46870-058a-11ea-a34f-e7ec8faa738a,002f3c9aad4d80113407ede736d32cbc7f,20,2019-11-12 15:27:51,0,002e3c2184f19c5fd33c907542ce2934d5;00b8a8971f5c6eccc57d1697b359bd425c;0038968441de839f559473169b88b7aac3
A Traffic ALL US Copy 2 #CODECOPY-e8f55780-058a-11ea-a34f-e7ec8faa738a,0022a5f0a5121f478f7b53f1256a757a67,50,2019-11-12 15:27:56,0,002e3c2184f19c5fd33c907542ce2934d5;00b8a8971f5c6eccc57d1697b359bd425c;0038968441de839f559473169b88b7aac3
A Traffic Desktop US #CODECOPY-eb272ba0-058a-11ea-87b6-71a42b9253fe,00291e174873a2e9170049fed85626473b,20,2019-11-12 15:28:01,0
A Traffic Desktop US Copy #CODECOPY-ef5fa530-058a-11ea-87b6-71a42b9253fe,000ad5ca6900fe5df4543474a9a22ce662,20,2019-11-12 15:28:07,0,002e3c2184f19c5fd33c907542ce2934d5;00b8a8971f5c6eccc57d1697b359bd425c;0038968441de839f559473169b88b7aac3
A Traffic ALL US Copy 2 #CODECOPY-f2a644b0-058a-11ea-87b6-71a42b9253fe,003c3ec1f6169cdc1a8166e47fe58b1139,50,2019-11-12 15:28:12,0,002e3c2184f19c5fd33c907542ce2934d5;00b8a8971f5c6eccc57d1697b359bd425c;0038968441de839f559473169b88b7aac3
A Traffic ALL US Copy 3 #CODECOPY-f5856fd0-058a-11ea-87b6-71a42b9253fe,0092914575dd1bc5d0afe05f5e74e29e01,30,2019-11-12 15:28:17,0,002e3c2184f19c5fd33c907542ce2934d5;00b8a8971f5c6eccc57d1697b359bd425c;0038968441de839f559473169b88b7aac3
A Traffic Desktop US #CODECOPY-01779a70-058b-11ea-8135-e71a2d977276,00259013196886e1285b4c8993f266fcd6,20,2019-11-12 15:28:38,0
A Traffic Desktop US Copy #CODECOPY-054b85d0-058b-11ea-8135-e71a2d977276,003feaf0b6c489cbdb1ca28a8c6717dbbb,20,2019-11-12 15:28:44,0,002e3c2184f19c5fd33c907542ce2934d5;00b8a8971f5c6eccc57d1697b359bd425c;0038968441de839f559473169b88b7aac3
A Traffic ALL US Copy 2 #CODECOPY-09635800-058b-11ea-8135-e71a2d977276,008e34b3c1f33e059477148eb4f8301001,50,2019-11-12 15:28:50,0,002e3c2184f19c5fd33c907542ce2934d5;00b8a8971f5c6eccc57d1697b359bd425c;0038968441de839f559473169b88b7aac3
A Traffic ALL US Copy 3 #CODECOPY-0cbf5440-058b-11ea-8135-e71a2d977276,0059ce195e78d19faa56e048bd738ab4fa,30,2019-11-12 15:28:56,0,002e3c2184f19c5fd33c907542ce2934d5;00b8a8971f5c6eccc57d1697b359bd425c;0038968441de839f559473169b88b7aac3
A Traffic Desktop US #CODECOPY-1d8fae50-058b-11ea-937e-1bf258a618a0,004fcdf2f610e4b3368c38e79013c6f1aa,20,2019-11-12 15:29:25,0
A Traffic Desktop US Copy #CODECOPY-216ebd40-058b-11ea-937e-1bf258a618a0,000d6d426902639a11e7c06fb6351230d6,20,2019-11-12 15:29:31,0,002e3c2184f19c5fd33c907542ce2934d5;00b8a8971f5c6eccc57d1697b359bd425c;0038968441de839f559473169b88b7aac3
A Traffic ALL US Copy 2 #CODECOPY-24a1fbd0-058b-11ea-937e-1bf258a618a0,00a5a6b42c616c7162753b10504547bafd,50,2019-11-12 15:29:36,0,002e3c2184f19c5fd33c907542ce2934d5;00b8a8971f5c6eccc57d1697b359bd425c;0038968441de839f559473169b88b7aac3
A Traffic ALL US Copy 3 #CODECOPY-27516460-058b-11ea-937e-1bf258a618a0,00a64eb998a4ef76cfc2d98e02f32da2b6,30,2019-11-12 15:29:41,0,002e3c2184f19c5fd33c907542ce2934d5;00b8a8971f5c6eccc57d1697b359bd425c;0038968441de839f559473169b88b7aac3
A Traffic Desktop US #CODECOPY-38abd600-058b-11ea-a378-d5dc648e5121,001b7d66cb398a93e96087b00ccd355063,20,2019-11-12 15:30:11,0
A Traffic Desktop US Copy #CODECOPY-3ef41cc0-058b-11ea-a378-d5dc648e5121,00da214349a9d73ff1e695bb8f1814e9d6,20,2019-11-12 15:30:20,0,002e3c2184f19c5fd33c907542ce2934d5;00b8a8971f5c6eccc57d1697b359bd425c;0038968441de839f559473169b88b7aac3
A Traffic Desktop US #CODECOPY-41e0dc70-058b-11ea-ba4a-7dcdce974550,005d343fed1b3535d82776f7cfc524cc42,20,2019-11-12 15:30:26,0
A Traffic Desktop US #CODECOPY-471df4c0-058b-11ea-a307-cf3c9e90e980,00124367c080ad344b2b1b2351b5dfcd51,20,2019-11-12 15:30:35,0
A Traffic Desktop US Copy #CODECOPY-4d440d80-058b-11ea-a307-cf3c9e90e980,0077e2b8fdf91144009461bfb1581dcd8b,20,2019-11-12 15:30:45,0,002e3c2184f19c5fd33c907542ce2934d5;00b8a8971f5c6eccc57d1697b359bd425c;0038968441de839f559473169b88b7aac3
A Traffic ALL US Copy 2 #CODECOPY-532247d0-058b-11ea-a307-cf3c9e90e980,003759ab6045486f6f5ae17c73e21c15c2,50,2019-11-12 15:30:54,0,002e3c2184f19c5fd33c907542ce2934d5;00b8a8971f5c6eccc57d1697b359bd425c;0038968441de839f559473169b88b7aac3
A Traffic ALL US Copy 3 #CODECOPY-574eb370-058b-11ea-a307-cf3c9e90e980,00802bac9fa4c66c851657fc87adf4b558,30,2019-11-12 15:31:01,0,002e3c2184f19c5fd33c907542ce2934d5;00b8a8971f5c6eccc57d1697b359bd425c;0038968441de839f559473169b88b7aac3
A Traffic Desktop US #CODECOPY-696e5360-0597-11ea-86e3-0380a4d84c34,00bdf346fac70227e5b9e24ab481ea8da5,20,2019-11-12 16:57:27,0
A Traffic Desktop US Copy #CODECOPY-6d463660-0597-11ea-86e3-0380a4d84c34,00619d52d47a0cb548e42f66cb6071fa4d,20,2019-11-12 16:57:32,0,002e3c2184f19c5fd33c907542ce2934d5;00b8a8971f5c6eccc57d1697b359bd425c;0038968441de839f559473169b88b7aac3
A Traffic Desktop US #CODECOPY-6f5fc790-0597-11ea-a8b1-c1855fda4c46,0099d4ef5c647bf8a8413e9a836178ff06,20,2019-11-12 16:57:37,0
A Traffic Desktop US Copy #CODECOPY-734454c0-0597-11ea-a8b1-c1855fda4c46,009836881fc086b5ea5b6aaccff8c85420,20,2019-11-12 16:57:42,0,002e3c2184f19c5fd33c907542ce2934d5;00b8a8971f5c6eccc57d1697b359bd425c;0038968441de839f559473169b88b7aac3
A Traffic ALL US Copy 3 #CODECOPY-77864430-0597-11ea-a8b1-c1855fda4c46,0060c07c44588bf4306e1fe68560022603,30,2019-11-12 16:57:49,0,002e3c2184f19c5fd33c907542ce2934d5;00b8a8971f5c6eccc57d1697b359bd425c;0038968441de839f559473169b88b7aac3
A Traffic Desktop US #CODECOPY-850d3fa0-0597-11ea-9ebd-77fe9e567653,005ba9913b83dd5a1c8bffd4e0cdedd5b2,20,2019-11-12 16:58:13,0
A Traffic Desktop US Copy #CODECOPY-895a79b0-0597-11ea-9ebd-77fe9e567653,003a5de60657faa9b58b2221b35a7d85cd,20,2019-11-12 16:58:19,0,002e3c2184f19c5fd33c907542ce2934d5;00b8a8971f5c6eccc57d1697b359bd425c;0038968441de839f559473169b88b7aac3
A Traffic ALL US Copy 3 #CODECOPY-8da89e20-0597-11ea-9ebd-77fe9e567653,00db903ba7b517b661fcb5d222aed3196c,30,2019-11-12 16:58:26,0,002e3c2184f19c5fd33c907542ce2934d5;00b8a8971f5c6eccc57d1697b359bd425c;0038968441de839f559473169b88b7aac3
A Traffic Desktop US #CODECOPY-a876a5d0-0597-11ea-ba2d-912fa2f2ad39,008072a6b7a4a52c16b9001867d753c39c,20,2019-11-12 16:59:12,0
A Traffic Desktop US Copy #CODECOPY-ac9555d0-0597-11ea-ba2d-912fa2f2ad39,003f351fc5c90654fd5c1c1eea3c79c410,20,2019-11-12 16:59:18,0,002e3c2184f19c5fd33c907542ce2934d5;00b8a8971f5c6eccc57d1697b359bd425c;0038968441de839f559473169b88b7aac3
A Traffic ALL US Copy 3 #CODECOPY-b0b56560-0597-11ea-ba2d-912fa2f2ad39,00f849036ebb902eb52f34926c4c1e8823,30,2019-11-12 16:59:25,0,002e3c2184f19c5fd33c907542ce2934d5;00b8a8971f5c6eccc57d1697b359bd425c;0038968441de839f559473169b88b7aac3
A Traffic Desktop US #CODECOPY-bf679a60-0597-11ea-a016-df9e6e2bd083,00b266b7baf24ed843bf668a41db37adf6,20,2019-11-12 16:59:51,0
A Traffic Desktop US Copy #CODECOPY-c33f5650-0597-11ea-a016-df9e6e2bd083,00009ded237888b6af5819b8c4b7bbe2d3,20,2019-11-12 16:59:56,0,002e3c2184f19c5fd33c907542ce2934d5;00b8a8971f5c6eccc57d1697b359bd425c;0038968441de839f559473169b88b7aac3
A Traffic ALL US Copy 3 #CODECOPY-c77007b0-0597-11ea-a016-df9e6e2bd083,00bc1643bbedce1c6ed6c8dbf4c9950011,30,2019-11-12 17:00:03,0,002e3c2184f19c5fd33c907542ce2934d5;00b8a8971f5c6eccc57d1697b359bd425c;0038968441de839f559473169b88b7aac3
A Traffic Desktop US #CODECOPY-8e388ca0-0598-11ea-9e07-692c3736a988,00152713f969a5cda7ac90af99056879a1,20,2019-11-12 17:05:38,0
A Traffic Desktop US Copy #CODECOPY-924bcaf0-0598-11ea-9e07-692c3736a988,0007328823be43af3a526dc7d1bba6f1c9,20,2019-11-12 17:05:44,0,002e3c2184f19c5fd33c907542ce2934d5;00b8a8971f5c6eccc57d1697b359bd425c;0038968441de839f559473169b88b7aac3
A Traffic ALL US Copy 2 #CODECOPY-959577b0-0598-11ea-9e07-692c3736a988,00cd81318766472ff9d27fa50e718d9f58,50,2019-11-12 17:05:49,0,002e3c2184f19c5fd33c907542ce2934d5;00b8a8971f5c6eccc57d1697b359bd425c;0038968441de839f559473169b88b7aac3
A Traffic ALL US Copy 3 #CODECOPY-98392070-0598-11ea-9e07-692c3736a988,0016f4f145fc48a3cdbd77c686010e71e8,30,2019-11-12 17:05:53,0,002e3c2184f19c5fd33c907542ce2934d5;00b8a8971f5c6eccc57d1697b359bd425c;0038968441de839f559473169b88b7aac3
A Traffic Desktop US #CODECOPY-afaefc70-0598-11ea-8308-fda6618ce556,00ec773e0751e0872757d06355b3eeea34,20,2019-11-12 17:06:34,0
A Traffic Desktop US Copy #CODECOPY-b3c9dbe0-0598-11ea-8308-fda6618ce556,00825e87175243be7139a7571c92787218,20,2019-11-12 17:06:40,0,002e3c2184f19c5fd33c907542ce2934d5;00b8a8971f5c6eccc57d1697b359bd425c;0038968441de839f559473169b88b7aac3
A Traffic ALL US Copy 2 #CODECOPY-b72ba480-0598-11ea-8308-fda6618ce556,0036576bca8b90174cd560c5a5e8dfa5d5,50,2019-11-12 17:06:45,0,002e3c2184f19c5fd33c907542ce2934d5;00b8a8971f5c6eccc57d1697b359bd425c;0038968441de839f559473169b88b7aac3
A Traffic ALL US Copy 3 #CODECOPY-ba5ebc00-0598-11ea-8308-fda6618ce556,00027a6afc35575580e2cf05db9ae0f156,30,2019-11-12 17:06:51,0,002e3c2184f19c5fd33c907542ce2934d5;00b8a8971f5c6eccc57d1697b359bd425c;0038968441de839f559473169b88b7aac3
A Traffic Desktop US #CODECOPY-ceb52f90-0598-11ea-918b-0919477bc4bf,00e7a144f7848a1f883b55fac03ca25779,20,2019-11-12 17:07:26,0
A Traffic Desktop US Copy #CODECOPY-d2a99b40-0598-11ea-918b-0919477bc4bf,00cbc57b178e82aefaa301fe945da9e232,20,2019-11-12 17:07:32,0,002e3c2184f19c5fd33c907542ce2934d5;00b8a8971f5c6eccc57d1697b359bd425c;0038968441de839f559473169b88b7aac3
A Traffic ALL US Copy 2 #CODECOPY-d6059780-0598-11ea-918b-0919477bc4bf,008e717ca96faa249fb51b737a9105c5fc,50,2019-11-12 17:07:37,0,002e3c2184f19c5fd33c907542ce2934d5;00b8a8971f5c6eccc57d1697b359bd425c;0038968441de839f559473169b88b7aac3
A Traffic ALL US Copy 3 #CODECOPY-d8d13aa0-0598-11ea-918b-0919477bc4bf,00ea9aa89f9d49c52b10811ee6adcf601f,30,2019-11-12 17:07:42,0,002e3c2184f19c5fd33c907542ce2934d5;00b8a8971f5c6eccc57d1697b359bd425c;0038968441de839f559473169b88b7aac3
A Traffic Desktop US #CODECOPY-dfd35b80-0598-11ea-b387-e91e50508553,00255957538ae766af35265a178c89ee9b,20,2019-11-12 17:07:55,0
A Traffic Desktop US Copy #CODECOPY-e3cad470-0598-11ea-b387-e91e50508553,00f3dc6178f2c18e0c1b85ed0a97ec6be3,20,2019-11-12 17:08:00,0,002e3c2184f19c5fd33c907542ce2934d5;00b8a8971f5c6eccc57d1697b359bd425c;0038968441de839f559473169b88b7aac3
A Traffic ALL US Copy 2 #CODECOPY-e7343e30-0598-11ea-b387-e91e50508553,00322f136568d1378313f3da2ffac7c591,50,2019-11-12 17:08:06,0,002e3c2184f19c5fd33c907542ce2934d5;00b8a8971f5c6eccc57d1697b359bd425c;0038968441de839f559473169b88b7aac3
A Traffic ALL US Copy 3 #CODECOPY-e9c45ef0-0598-11ea-b387-e91e50508553,00af392a509522e6b73d296fe321c07326,30,2019-11-12 17:08:10,0,002e3c2184f19c5fd33c907542ce2934d5;00b8a8971f5c6eccc57d1697b359bd425c;0038968441de839f559473169b88b7aac3
A Traffic Desktop US #CODECOPY-efa2e760-0598-11ea-a9ac-ab104298627b,0073afb047faa42187df43943e78d00fa6,20,2019-11-12 17:08:21,0
A Traffic Desktop US #CODECOPY-f56b4fc0-0598-11ea-9bf6-e161bfd67588,0077dcf56c91a58b5a905f3dadd277f001,20,2019-11-12 17:08:31,0
A Traffic Desktop US Copy #CODECOPY-f9664b20-0598-11ea-9bf6-e161bfd67588,00ddd4a6d0c94429b48897f3de7d68f433,20,2019-11-12 17:08:37,0,002e3c2184f19c5fd33c907542ce2934d5;00b8a8971f5c6eccc57d1697b359bd425c;0038968441de839f559473169b88b7aac3
A Traffic ALL US Copy 2 #CODECOPY-fc9cbe00-0598-11ea-9bf6-e161bfd67588,009d43a296a7681f31236ff991aed47154,50,2019-11-12 17:08:42,0,002e3c2184f19c5fd33c907542ce2934d5;00b8a8971f5c6eccc57d1697b359bd425c;0038968441de839f559473169b88b7aac3
A Traffic ALL US Copy 3 #CODECOPY-ff18ba80-0598-11ea-9bf6-e161bfd67588,0083f4a75aad195ecdde35cae327dc4d61,30,2019-11-12 17:08:46,0,002e3c2184f19c5fd33c907542ce2934d5;00b8a8971f5c6eccc57d1697b359bd425c;0038968441de839f559473169b88b7aac3
A Traffic Desktop US #CODECOPY-1050fe20-0599-11ea-8726-65b2cb06c38d,009b3ac1c63280151aebb2067be79559c1,20,2019-11-12 17:09:16,0
A Traffic Desktop US Copy #CODECOPY-14797220-0599-11ea-8726-65b2cb06c38d,00f3661bca37c436237efa72e42ef230c4,20,2019-11-12 17:09:22,0,002e3c2184f19c5fd33c907542ce2934d5;00b8a8971f5c6eccc57d1697b359bd425c;0038968441de839f559473169b88b7aac3
A Traffic ALL US Copy 2 #CODECOPY-17f3a4c0-0599-11ea-8726-65b2cb06c38d,00665906af4c67e57784586affd247bd1d,50,2019-11-12 17:09:28,0,002e3c2184f19c5fd33c907542ce2934d5;00b8a8971f5c6eccc57d1697b359bd425c;0038968441de839f559473169b88b7aac3
A Traffic ALL US Copy 3 #CODECOPY-1a926b80-0599-11ea-8726-65b2cb06c38d,008b6e03680ab8d68d973c4f6eccc738ec,30,2019-11-12 17:09:32,0,002e3c2184f19c5fd33c907542ce2934d5;00b8a8971f5c6eccc57d1697b359bd425c;0038968441de839f559473169b88b7aac3
A Traffic ALL US Copy 3 #CODECOPY-ca7c2ee0-059a-11ea-86c6-61561551ae68,0047b5ecc73538409c58fab3f4149ace4a,30,2019-11-12 17:21:37,0,002e3c2184f19c5fd33c907542ce2934d5;00b8a8971f5c6eccc57d1697b359bd425c;0038968441de839f559473169b88b7aac3
A Traffic ALL US Copy 2 #CODECOPY-ca872b60-059a-11ea-86c6-61561551ae68,00b200eff4654610dc43d56b970a26bff5,50,2019-11-12 17:21:37,0,002e3c2184f19c5fd33c907542ce2934d5;00b8a8971f5c6eccc57d1697b359bd425c;0038968441de839f559473169b88b7aac3
A Traffic Desktop US Copy #CODECOPY-ca818610-059a-11ea-86c6-61561551ae68,0064f339e62ebe17a312d7347b0e857552,20,2019-11-12 17:21:37,0,002e3c2184f19c5fd33c907542ce2934d5;00b8a8971f5c6eccc57d1697b359bd425c;0038968441de839f559473169b88b7aac3
A Traffic Desktop US #CODECOPY-ca83d000-059a-11ea-86c6-61561551ae68,0053635c5db12aa85835ecd103bfd55b18,20,2019-11-12 17:21:38,0
A Traffic ALL US Copy 2 #CODECOPY-ff4a66f0-059a-11ea-83c9-2fff5b78aa6f,00a1e212b59a852bbe82d83dcaa5805d49,50,2019-11-12 17:23:05,0,002e3c2184f19c5fd33c907542ce2934d5;00b8a8971f5c6eccc57d1697b359bd425c;0038968441de839f559473169b88b7aac3
A Traffic ALL US Copy 3 #CODECOPY-ff486b20-059a-11ea-83c9-2fff5b78aa6f,007f1d9a2a2026bd26d2024995a1a70ff4,30,2019-11-12 17:23:05,0,002e3c2184f19c5fd33c907542ce2934d5;00b8a8971f5c6eccc57d1697b359bd425c;0038968441de839f559473169b88b7aac3
A Traffic Desktop US Copy #CODECOPY-ff4536d0-059a-11ea-83c9-2fff5b78aa6f,0038f4164ed96abcca15e93cf6f49ce220,20,2019-11-12 17:23:06,0,002e3c2184f19c5fd33c907542ce2934d5;00b8a8971f5c6eccc57d1697b359bd425c;0038968441de839f559473169b88b7aac3
A Traffic Desktop US #CODECOPY-ff4b7860-059a-11ea-83c9-2fff5b78aa6f,0010258dd526aff98ee8365eebdf2457e7,20,2019-11-12 17:23:07,0
A Traffic ALL US Copy 3 Copy,005a799767ebb29e87d0a58a184bfab747,30,2019-11-14 06:43:10,0,002e3c2184f19c5fd33c907542ce2934d5;00b8a8971f5c6eccc57d1697b359bd425c;0038968441de839f559473169b88b7aac3
A Traffic Desktop US #CODECOPY-ef4e7ac0-06d5-11ea-892f-1b2b00731b65,00738b2c7a2bc2815f2888eea8bd16fcd5,20,2019-11-14 06:57:32,0
A Traffic Desktop US #CODECOPY-2fd38220-06d6-11ea-98dc-ebde66325073,00b85dfda9af837167c3c1ec658ca96f1d,20,2019-11-14 06:59:21,0
A Traffic ALL US Copy 3 #CODECOPY-33834e40-06d7-11ea-a59b-65dc285c4aad,00945ec847a39246b09eb00a1e98a1f260,30,2019-11-14 07:06:35,0,002e3c2184f19c5fd33c907542ce2934d5;00b8a8971f5c6eccc57d1697b359bd425c;0038968441de839f559473169b88b7aac3
A Traffic ALL US Copy 3 #CODECOPY-7263cd60-06d7-11ea-bca6-b39191f5749f,00f961f11287480742ca0972d5ff82ff09,30,2019-11-14 07:08:21,0,002e3c2184f19c5fd33c907542ce2934d5;00b8a8971f5c6eccc57d1697b359bd425c;0038968441de839f559473169b88b7aac3
A Traffic ALL US Copy 3 #CODECOPY-dd38e490-06d7-11ea-8510-87b6013394dd,005c7de1dc737ca6062eff514bdaad1ce7,30,2019-11-14 07:11:20,0,002e3c2184f19c5fd33c907542ce2934d5;00b8a8971f5c6eccc57d1697b359bd425c;0038968441de839f559473169b88b7aac3
A Traffic ALL US Copy 3 #CODECOPY-5e235d60-06d8-11ea-922f-c9ca0a660d6d,00c0dbd24fb8b09fcb764751e20abc2f8e,30,2019-11-14 07:14:56,0,002e3c2184f19c5fd33c907542ce2934d5;00b8a8971f5c6eccc57d1697b359bd425c;0038968441de839f559473169b88b7aac3
A Traffic Desktop US #CODECOPY-3a6b6c90-06d9-11ea-82e5-5f1dd1349100,00da54950b6afc2bd104c1d50e111941df,20,2019-11-14 07:21:07,0
A Traffic Desktop US Copy #CODECOPY-64b62530-06d9-11ea-b069-8788d199f77d,0046008fd1049e716f70294edd263454b4,20,2019-11-14 07:22:17,0,002e3c2184f19c5fd33c907542ce2934d5;00b8a8971f5c6eccc57d1697b359bd425c;0038968441de839f559473169b88b7aac3
A Traffic Desktop US Copy #CODECOPY-f1089f20-06db-11ea-897b-d3afebe0f5f9,0089e66c2188aa9350e24df71685fdfbc0,20,2019-11-14 07:40:31,0,002e3c2184f19c5fd33c907542ce2934d5;00b8a8971f5c6eccc57d1697b359bd425c;0038968441de839f559473169b88b7aac3
A Traffic Desktop US Copy #CODECOPY-36395440-06dc-11ea-917c-ef3973ac788c,00b1da245cf888fd83c767c55ff1511ae3,20,2019-11-14 07:42:27,0,002e3c2184f19c5fd33c907542ce2934d5;00b8a8971f5c6eccc57d1697b359bd425c;0038968441de839f559473169b88b7aac3
A Traffic Desktop US Copy #CODECOPY-d0cd7900-06dc-11ea-85af-fba05d407b6e,00eb02f73c2b03a9f92df7542c3ea43e7e,20,2019-11-14 07:46:47,0,002e3c2184f19c5fd33c907542ce2934d5;00b8a8971f5c6eccc57d1697b359bd425c;0038968441de839f559473169b88b7aac3
Objective: Conversions - BID: Clicks,0014388f1d67c7a42a77e9829b00ee2a9a,20,2019-11-15 08:13:39,0
Objective: Traffic - BID: Clicks,005742b2e60107d5582935c341199f2632,20,2019-11-15 08:14:11,0
Objective: Traffic - BID: Conversions ( 1 conversion),00954f5e76e92c0adff6efc60b6576c277,20,2019-11-15 08:15:06,0
Objective: Conversions - BID: Conversions ( 2 conversion) AB TESTING 60%,006ddfb9d9c30b977f640cd5005e645fbe,20,2019-11-16 03:18:30,0
Objective: Conversions - BID: Conversions ( 2 conversion) AB TESTING 60% #COPY-36ed1650-08bd-11ea-b,00c2e737d251777a684e27b10175f221dd,20,2019-11-16 17:05:35,0
Objective: Conversions - BID: Conversions ( 2 conversion) AB TESTING 60% #COPY-cc06ced0-08c1-11ea-b,0095711ebdebbb011aeb08ea8aca769d36,20,2019-11-16 17:38:24,0
Objective: Conversions - BID: Conversions ( 2 conversion) AB TESTING 60% #COPY-d99a9b80-08c1-11ea-a,00c9e6bb83feb1dd27246e85e6a71a8eb6,20,2019-11-16 17:38:47,0
Objective: Conversions - BID: Conversions ( 2 conversion) AB TESTING 60% #COPY-fedce060-08c1-11ea-8,00f6b358946a74481d5e40928bad3fd631,20,2019-11-16 17:39:49,0
trying to pass bid strategy from clicks to conversion *in same marketer,00d65398884074dc3ae1eda663b9af3c1c,20,2019-11-16 17:59:23,0
trying to pass bid strategy from clicks to conversion *in same marketr,00b80418571d1f83a403cafffde3d9120a,20,2019-11-16 18:43:33,0
A Traffic Desktop US #COPY-cf7f3640-08cd-11ea-b,00833916c03682016fe11fc711eced43be,20,2019-11-16 19:04:23,0
A Traffic Desktop US #COPY-6b6e3010-08ce-11ea-b,00051bcc8459a71256d31a7d755d430a96,20,2019-11-16 19:08:46,0
A Traffic Desktop US #COPY-93948210-08ce-11ea-b,006bc7dd69f3f03b988c8ce0d9c6430026,20,2019-11-16 19:09:52,0
A Traffic Desktop US #COPY-fbe4a6a0-08cf-11ea-a,00a2fc968b2d2813173c314534b5c4dcea,20,2019-11-16 19:19:57,0
A Traffic Desktop US #COPY-177e3bb0-08d0-11ea-8,00da64f6b913d663ef8d85ab40cdb2e07d,20,2019-11-16 19:20:43,0
A Traffic Desktop US #COPY-f30b5f50-08d0-11ea-a,00c3b2e21f9c738892bfc480c5df999e08,20,2019-11-16 19:26:52,0
A Traffic Desktop US #COPY-9e942f00-08d1-11ea-a,000477ad2789c87c1acd802f7fe2be3f6a,20,2019-11-16 19:31:39,0
A Traffic Desktop US #COPY-db650800-08d1-11ea-9,00fd189e58609267f8c7b4edf6721646c9,20,2019-11-16 19:33:22,0
A Traffic Desktop US #COPY-42bf9e70-08d2-11ea-b,00c607f4b84e80881bd9f0c08e562fe55f,20,2019-11-16 19:36:15,0
Objective: Conversions - BID: Conversions ( 2 conversion) AB TESTING 60% #COPY-8371a940-08d2-11ea-a,0079f1f21ef85a4b59ad5728f9b5fd44ed,20,2019-11-16 19:38:03,0
Objective: Conversions - BID: Conversions ( 2 conversion) AB TESTING 60% #COPY-84e6bd10-08d2-11ea-9,005e16dcabe1a5518b701fc00e7efae99f,20,2019-11-16 19:38:06,0
A Traffic Desktop US #COPY-7b247550-08d3-11ea-8,00d78e6ae9c7e86f655930537472158f61,20,2019-11-16 19:44:59,0
A Traffic Desktop US #COPY-c84fb510-08d3-11ea-a,00d8cbc6e1aa21e7575f953e98d5222822,20,2019-11-16 19:47:08,0
A Traffic Desktop US #COPY-cfc642a0-08d3-11ea-a,00224d74a89731bec69256d1073e50b723,20,2019-11-16 19:47:21,0
A Traffic Desktop US #COPY-e38de3b0-08d3-11ea-a,00a00f623f53a56132a6bf786aefe33b2b,20,2019-11-16 19:47:54,0
A Traffic Desktop US #COPY-99268970-08d4-11ea-b,00ec4447a743573d7f3a38166685eb7d75,20,2019-11-16 19:52:59,0
A Traffic Desktop US #COPY-d05df950-08d4-11ea-8,00adf123d9b9926ef92e8f76a9d906fb2e,20,2019-11-16 19:54:32,0
A Traffic Desktop US #COPY-f1fc1560-08d4-11ea-b,0036754a6dbe80d4c8981c6a15f80626c9,20,2019-11-16 19:55:29,0
A Traffic Desktop US #COPY-2c5cd8c0-08d5-11ea-8,001be2708b2ba988767663dfcc287a6451,20,2019-11-16 19:57:06,0
A Traffic Desktop US #COPY-4194f9c0-08d5-11ea-8,00bb80244e07ec71a8842c42916001bad6,20,2019-11-16 19:57:41,0
A Traffic Desktop US #COPY-2336a2e0-09e7-11ea-9,00cb4577cf510a912f94099e2a8b5fb3c5,20,2019-11-18 04:38:13,0
A Traffic ALL US Copy 3 #COPY-d1dd0030-0aed-11ea-b,001f8c6a34cb9e2695631d46640abbb7e7,30,2019-11-19 11:58:34,0,002e3c2184f19c5fd33c907542ce2934d5;00b8a8971f5c6eccc57d1697b359bd425c;0038968441de839f559473169b88b7aac3
A Traffic ALL US Copy 2 #COPY-d1d6e5b0-0aed-11ea-b,006dcdb26f7f5f430ed762ce57e4c87482,50,2019-11-19 11:58:34,0,002e3c2184f19c5fd33c907542ce2934d5;00b8a8971f5c6eccc57d1697b359bd425c;0038968441de839f559473169b88b7aac3
Objective: Conversions - BID: Conversions ( 2 conversion) AB TESTING 60% #COPY-d1e898f0-0aed-11ea-b,00168bc7b8e94d146426858d48583518bd,20,2019-11-19 11:58:34,0
A Traffic Desktop US #COPY-d1e4c860-0aed-11ea-b,00d88eb7b65e46b9f3a860b224c3c98a05,20,2019-11-19 11:58:34,0
A Traffic Desktop US #COPY-f63c3810-0aed-11ea-a,0030fae042a81d5ec0beee771adbfe16bd,20,2019-11-19 11:59:35,0
Objective: Conversions - BID: Conversions ( 2 conversion) AB TESTING 60% #COPY-fb20f730-0aed-11ea-a,00530eae846e36d9c14a3460e465fcacb5,20,2019-11-19 11:59:43,0
A Traffic ALL US Copy 2 #COPY-08b930b0-0aee-11ea-a,00dd6cd481ce15c7f2744124a9bafc2f5a,50,2019-11-19 12:00:06,0,002e3c2184f19c5fd33c907542ce2934d5;00b8a8971f5c6eccc57d1697b359bd425c;0038968441de839f559473169b88b7aac3
Objective: Conversions - BID: Conversions ( 2 conversion) AB TESTING 60% #COPY-1022ed00-0aee-11ea-9,00914a3aa8cedfc0b21421ca4e4659de76,20,2019-11-19 12:00:18,0
A Traffic ALL US Copy 3 #COPY-160aeb50-0aee-11ea-8,002f837f2c3fe5b70dd9abd8f9bfb73055,30,2019-11-19 12:00:28,0,002e3c2184f19c5fd33c907542ce2934d5;00b8a8971f5c6eccc57d1697b359bd425c;0038968441de839f559473169b88b7aac3
Objective: Conversions - BID: Conversions ( 2 conversion) AB TESTING 60% #COPY-3291c690-0aee-11ea-a,00413e55f3ae8a4191464c5b256098a5e2,20,2019-11-19 12:01:16,0
A Traffic ALL US Copy 2 #COPY-328cbd80-0aee-11ea-a,0044f98816627c81412787e3ef682d85ff,50,2019-11-19 12:01:16,0,002e3c2184f19c5fd33c907542ce2934d5;00b8a8971f5c6eccc57d1697b359bd425c;0038968441de839f559473169b88b7aac3
A Traffic ALL US Copy 3 #COPY-328f2e80-0aee-11ea-a,00570f026d45be30a6001ca06b01435d2f,30,2019-11-19 12:01:16,0,002e3c2184f19c5fd33c907542ce2934d5;00b8a8971f5c6eccc57d1697b359bd425c;0038968441de839f559473169b88b7aac3
A Traffic Desktop US #COPY-3284ce40-0aee-11ea-a,007b429e0d18cc7bd52548114e483ab138,20,2019-11-19 12:01:16,0
Objective: Conversions - BID: Conversions ( 2 conversion) AB TESTING 60% #COPY-778b8d30-0aee-11ea-b,00899e1fbe47356479aba2f293a2138f5f,20,2019-11-19 12:03:12,0
Objective: Conversions - BID: Conversions ( 2 conversion) AB TESTING 60% #COPY-99b3c0d0-0aee-11ea-b,0052847f13345c318243a5b5b3d18492be,20,2019-11-19 12:04:09,0
Objective: Conversions - BID: Conversions ( 2 conversion) AB TESTING 60% #COPY-a8b945f0-0aee-11ea-9,00ddc79a275585116e6f49858e8b6318c0,20,2019-11-19 12:04:34,0
Objective: Conversions - BID: Conversions ( 2 conversion) AB TESTING 60% #COPY-c9efeda0-0aee-11ea-b,003529b0f46f12255e9b23934e4497b0ae,20,2019-11-19 12:05:30,0
A Traffic ALL US Copy 2 #COPY-c9e78930-0aee-11ea-b,0004eb9e60e230e1c32bf12612cf201af9,50,2019-11-19 12:05:30,0,002e3c2184f19c5fd33c907542ce2934d5;00b8a8971f5c6eccc57d1697b359bd425c;0038968441de839f559473169b88b7aac3
A Traffic Desktop US #COPY-c9ed2e80-0aee-11ea-b,00db7214fed989dce6be6acf83e986fc9e,20,2019-11-19 12:05:30,0
A Traffic ALL US Copy 3 #COPY-c9f96380-0aee-11ea-b,001c458dd461445759c98066e2252bd58f,30,2019-11-19 12:05:30,0,002e3c2184f19c5fd33c907542ce2934d5;00b8a8971f5c6eccc57d1697b359bd425c;0038968441de839f559473169b88b7aac3
Objective: Conversions - BID: Conversions ( 2 conversion) AB TESTING 60% #COPY-c9f71990-0aee-11ea-b,00ddc63f527f4b3870418714a0323ff2ad,20,2019-11-19 12:05:30,0
A Traffic ALL US Copy 3 #COPY-e7ffb2d0-0aee-11ea-b,009a53f57b7c2e70634f3913573aecc229,30,2019-11-19 12:06:21,0,002e3c2184f19c5fd33c907542ce2934d5;00b8a8971f5c6eccc57d1697b359bd425c;0038968441de839f559473169b88b7aac3
Objective: Conversions - BID: Conversions ( 2 conversion) AB TESTING 60% #COPY-e8053110-0aee-11ea-b,000d5135bfaa5417828e1608699cbcf6a2,20,2019-11-19 12:06:21,0
A Traffic ALL US Copy 2 #COPY-e8077b00-0aee-11ea-b,0019921b21f9f26f34774b206174e7b26a,50,2019-11-19 12:06:21,0,002e3c2184f19c5fd33c907542ce2934d5;00b8a8971f5c6eccc57d1697b359bd425c;0038968441de839f559473169b88b7aac3
A Traffic Desktop US #COPY-e809c4f0-0aee-11ea-b,00b24e0f81ae732da35da43f3b7a8e19b0,20,2019-11-19 12:06:21,0
A Traffic ALL US Copy 2 #COPY-f813e8d0-0aee-11ea-b,00fec91b94febeea301e8fa6c7fd78b60f,50,2019-11-19 12:06:48,0,002e3c2184f19c5fd33c907542ce2934d5;00b8a8971f5c6eccc57d1697b359bd425c;0038968441de839f559473169b88b7aac3
Objective: Conversions - BID: Conversions ( 2 conversion) AB TESTING 60% #COPY-f81ebe40-0aee-11ea-b,006873003b8b79ead8f5378d7ea06fe786,20,2019-11-19 12:06:48,0
Objective: Conversions - BID: Conversions ( 2 conversion) AB TESTING 60% #COPY-f8209300-0aee-11ea-b,000c3f022511e8789c6c87db351307d283,20,2019-11-19 12:06:48,0
A Traffic ALL US Copy 3 #COPY-f81918f0-0aee-11ea-b,008a7f7dcba0804eb935dbb48ab1cf7bda,30,2019-11-19 12:06:48,0,002e3c2184f19c5fd33c907542ce2934d5;00b8a8971f5c6eccc57d1697b359bd425c;0038968441de839f559473169b88b7aac3
A Traffic Desktop US #COPY-f81632c0-0aee-11ea-b,0032a038ffb366b3c53a3f09371d935a9b,20,2019-11-19 12:06:48,0
A Traffic ALL US Copy 3 #COPY-040c5500-0aef-11ea-9,00b8d2351e925f0ff2ff61b77b4438d8cc,30,2019-11-19 12:07:08,0,002e3c2184f19c5fd33c907542ce2934d5;00b8a8971f5c6eccc57d1697b359bd425c;0038968441de839f559473169b88b7aac3
Objective: Conversions - BID: Conversions ( 2 conversion) AB TESTING 60% #COPY-04118520-0aef-11ea-9,004b6f14220a0e3a92513ea3f863260150,20,2019-11-19 12:07:08,0
A Traffic Desktop US #COPY-040947c0-0aef-11ea-9,00ec25558e5f7a6262cc8572a424a747e6,20,2019-11-19 12:07:08,0
A Traffic ALL US Copy 2 #COPY-04141d30-0aef-11ea-9,00d63250d516f45974275e1c786b01e571,50,2019-11-19 12:07:08,0,002e3c2184f19c5fd33c907542ce2934d5;00b8a8971f5c6eccc57d1697b359bd425c;0038968441de839f559473169b88b7aac3
Objective: Conversions - BID: Conversions ( 2 conversion) AB TESTING 60% #COPY-563f1e20-0aef-11ea-9,00e40566de26ffbe92607dcfcf0077a892,20,2019-11-19 12:09:26,0
A Traffic ALL US Copy 2 #COPY-563a6330-0aef-11ea-9,0081457d5784b9508fa7ab149f3d8a2d07,50,2019-11-19 12:09:26,0,002e3c2184f19c5fd33c907542ce2934d5;00b8a8971f5c6eccc57d1697b359bd425c;0038968441de839f559473169b88b7aac3
A Traffic ALL US Copy 3 #COPY-563c8610-0aef-11ea-9,00fd9cb0fa93e816d7834b74353ef2f08e,30,2019-11-19 12:09:26,0,002e3c2184f19c5fd33c907542ce2934d5;00b8a8971f5c6eccc57d1697b359bd425c;0038968441de839f559473169b88b7aac3
A Traffic Desktop US #COPY-5640f2e0-0aef-11ea-9,00756e99e433daab1450685ee2e792d34f,20,2019-11-19 12:09:26,0
Objective: Conversions - BID: Conversions ( 2 conversion) AB TESTING 60% #COPY-d89f9520-0aef-11ea-9,00f7bf1d041fe0a2c86ca9d296d7968d82,20,2019-11-19 12:13:04,0
A Traffic Desktop US #COPY-d8950dd0-0aef-11ea-9,00f864dfedd355f929ee75b142e828a547,20,2019-11-19 12:13:04,0
A Traffic ALL US Copy 2 #COPY-d8992c80-0aef-11ea-9,00614e58c06b57be536fb7c40ebd66ad75,50,2019-11-19 12:13:04,0,002e3c2184f19c5fd33c907542ce2934d5;00b8a8971f5c6eccc57d1697b359bd425c;0038968441de839f559473169b88b7aac3
A Traffic ALL US Copy 3 #COPY-d89cd600-0aef-11ea-9,001f75ed2ad10fc71b7a432afe2197ca0e,30,2019-11-19 12:13:04,0,002e3c2184f19c5fd33c907542ce2934d5;00b8a8971f5c6eccc57d1697b359bd425c;0038968441de839f559473169b88b7aac3
Objective: Conversions - BID: Conversions ( 2 conversion) AB TESTING 60% #COPY-d8a7ab70-0aef-11ea-9,00aa4663eda418b198b86450b12ab2cd3b,20,2019-11-19 12:13:04,0
Objective: Conversions - BID: Conversions ( 2 conversion) AB TESTING 60% #COPY-e7722360-0aef-11ea-b,00c604b0f3d6d4fb174bc48206bf2f4464,20,2019-11-19 12:13:29,0
A Traffic ALL US Copy 3 #COPY-e7750990-0aef-11ea-b,005de648b5702425fcc7c7d1a06c1aa164,30,2019-11-19 12:13:29,0,002e3c2184f19c5fd33c907542ce2934d5;00b8a8971f5c6eccc57d1697b359bd425c;0038968441de839f559473169b88b7aac3
A Traffic ALL US Copy 2 #COPY-e7783de0-0aef-11ea-b,001d7adb16fb8b9f3f498e275136f9686c,50,2019-11-19 12:13:29,0,002e3c2184f19c5fd33c907542ce2934d5;00b8a8971f5c6eccc57d1697b359bd425c;0038968441de839f559473169b88b7aac3
Objective: Conversions - BID: Conversions ( 2 conversion) AB TESTING 60% #COPY-e781dad0-0aef-11ea-b,00263bc3aee51bf4d49903559200e285e4,20,2019-11-19 12:13:29,0
A Traffic Desktop US #COPY-e7858450-0aef-11ea-b,00efa263d7f217ac8da944a6e49d140791,20,2019-11-19 12:13:29,0
A Traffic Desktop US #COPY-ff41df30-0aef-11ea-8,00bc91c680e92bff108d568b5f1c0293fd,20,2019-11-19 12:14:09,0
A Traffic ALL US Copy 3 #COPY-ff453a90-0aef-11ea-8,008d0048935a542106a5c5cd5958eae511,30,2019-11-19 12:14:09,0,002e3c2184f19c5fd33c907542ce2934d5;00b8a8971f5c6eccc57d1697b359bd425c;0038968441de839f559473169b88b7aac3
A Traffic ALL US Copy 2 #COPY-ff4e1430-0aef-11ea-8,004e88a6b7f93aff6ae5284caa89bc7b8e,50,2019-11-19 12:14:09,0,002e3c2184f19c5fd33c907542ce2934d5;00b8a8971f5c6eccc57d1697b359bd425c;0038968441de839f559473169b88b7aac3
Objective: Conversions - BID: Conversions ( 2 conversion) AB TESTING 60% #COPY-ff5196a0-0aef-11ea-8,00948f266ef384422bf5e75e6adeba31ae,20,2019-11-19 12:14:09,0
Objective: Conversions - BID: Conversions ( 2 conversion) AB TESTING 60% #COPY-043bacf0-0af0-11ea-a,00eee09e2b874c73ff42f32d946e9e4ca3,20,2019-11-19 12:14:17,0
A Traffic ALL US Copy 2 #COPY-04417950-0af0-11ea-a,003c401380b4fb07482f07494f5aafbd8a,50,2019-11-19 12:14:17,0,002e3c2184f19c5fd33c907542ce2934d5;00b8a8971f5c6eccc57d1697b359bd425c;0038968441de839f559473169b88b7aac3
A Traffic Desktop US #COPY-04389fb0-0af0-11ea-a,002fb8a98681980f2bc998a6b663f857e5,20,2019-11-19 12:14:17,0
A Traffic ALL US Copy 3 #COPY-0443c340-0af0-11ea-a,00a09c19767607af876ffe5cac4605d03e,30,2019-11-19 12:14:18,0,002e3c2184f19c5fd33c907542ce2934d5;00b8a8971f5c6eccc57d1697b359bd425c;0038968441de839f559473169b88b7aac3
Objective: Conversions - BID: Conversions ( 2 conversion) AB TESTING 60% #COPY-043e4500-0af0-11ea-a,00327a390bedbe441b2bcefd8c94addfca,20,2019-11-19 12:14:18,0
Objective: Conversions - BID: Conversions ( 2 conversion) AB TESTING 60% #COPY-c5ec7be0-0af0-11ea-8,00f572578f19ffa54f8ab8a4798d09338b,20,2019-11-19 12:19:42,0
A Traffic ALL US Copy 2 #COPY-c5ea8010-0af0-11ea-8,00e5c9eedeabb81a2a674129fb18b73a64,50,2019-11-19 12:19:42,0,002e3c2184f19c5fd33c907542ce2934d5;00b8a8971f5c6eccc57d1697b359bd425c;0038968441de839f559473169b88b7aac3
A Traffic Desktop US #COPY-c5e88440-0af0-11ea-8,003dffb6548e3d87816af3f24590a5f1a4,20,2019-11-19 12:19:42,0
Objective: Conversions - BID: Conversions ( 2 conversion) AB TESTING 60% #COPY-c5e10a30-0af0-11ea-8,00fc15025f01ab25445390882c31221fc6,20,2019-11-19 12:19:42,0
A Traffic ALL US Copy 3 #COPY-c5e68870-0af0-11ea-8,0002dba22979896c7da86680f061df7d8b,30,2019-11-19 12:19:42,0,002e3c2184f19c5fd33c907542ce2934d5;00b8a8971f5c6eccc57d1697b359bd425c;0038968441de839f559473169b88b7aac3
13328PRVAOut_USWALKINGTUB_A_Tonic,00d94228c1f6908e79b8a95718c8e5d783,20,2019-12-02 14:04:17,0
copyPRVAOut_USWALKINGTUB_A_Tonic Copy,00b76574f9bd5e2914cf0dd79967c9a59a,20,2019-12-02 14:06:23,0
DUPLICATECOPY,007230b961c895a68810801fe27852f653,20,2019-12-02 14:15:02,0
13328PCHA21031222Out21031290_USWALKINGTUB21031290_A21031222_Tonic,00172d0617a2b3633eea720bc2048ad2b1,20,2019-12-04 07:39:02,0
asfasfas,004dedec9322579e93cde1998b675b3417,20,2019-12-04 08:47:00,0
13328PRVAOut_USWALKINGTUB_A_Tonic #COPY-68a17630-169d-11ea-b,0016e80912002a31d5dae4e173ed0acfe3,20,2019-12-04 08:53:14,0
13328PRVAOut_USWALKINGTUB_A_Tonic #COPY-b711a720-169f-11ea-8,00ef42bf086e55b7815622ec65349c7aff,20,2019-12-04 09:09:45,0
13328PRVAOut_USWALKINGTUB_A_Tonic #COPY-c8167eb0-169f-11ea-a,0041456e852a5554e8c4980cdaeb261d6d,20,2019-12-04 09:10:13,0
13328PRVAOut_USWALKINGTUB_A_Tonic #COPY-3e29c7e0-16a2-11ea-b,00bec9711a2388f1a2be0f66d2c94dddda,20,2019-12-04 09:27:51,0
13328PRVAOut_USWALKINGTUB_A_Tonic #COPY-b7bcd3e0-16a2-11ea-8,00786125f4185b20ada8e4f134676c891b,20,2019-12-04 09:31:15,0
13328PRVAOut_USWALKINGTUB_A_Tonic #COPY-9729a2b0-16a3-11ea-b,0066a5cbc0e5238694d33ec1ffe512ea78,20,2019-12-04 09:37:30,0
13328PRVAOut_USWALKINGTUB_A_Tonic #COPY-9b746bc0-16a3-11ea-8,0090b705b1f9307963926caf0ba8fee358,20,2019-12-04 09:37:37,0
13328PRVAOut_USWALKINGTUB_A_Tonic #COPY-db3a68e0-16a3-11ea-8,00127c3bd6502bbe9a69a70171f6c79cbe,20,2019-12-04 09:39:24,0
13328PRVAOut_USWALKINGTUB_A_Tonic #COPY-dd5a1f20-16a4-11ea-8,00fa9688154ed543f67de899061f983e87,20,2019-12-04 09:46:36,0
13328PRVAOut_USWALKINGTUB_A_Tonic #COPY-93229920-1742-11ea-9,002e160f302ceb89e6db12dbd6b7eb419d,20,2019-12-05 04:35:28,0
13328PRVAOut_USWALKINGTUB_A_Tonic #COPY-988058d0-1742-11ea-b,0005854d018c5f83b9645b73541d91819b,20,2019-12-05 04:35:37,0
13328PRVAOut_USWALKINGTUB_A_Tonic #COPY-033e3e80-1743-11ea-b,00cb802ca03e0bd32e3d38446f9711ea0c,20,2019-12-05 04:38:40,0
13328PRVAOut_USWALKINGTUB_A_Tonic #COPY-4aba4890-1756-11ea-a,00947981cf7d1515e78dc2bf5ce31997f9,20,2019-12-05 06:56:40,0
13328PRVAOut_USWALKINGTUB_A_Tonic #COPY-682baae0-1756-11ea-8,0064588e39e78566d0a0f8771160cfe747,20,2019-12-05 06:57:29,0
13328PRVAOut_USWALKINGTUB_A_Tonic #COPY-9de02440-1756-11ea-9,008b3fd116a8e2f806b9ce3409c10b4a3a,20,2019-12-05 06:58:59,0
AUDIENCE SEGMENTS RETARGETING,00c865c49cead28f36445e355bd0a8429f,20,2020-02-04 09:32:57,0
15507PRVMOut1151_UKCleaningServices1151_M_Tonic,00c6b7a82f3f0eed75500b77e6855f2131,20,2020-02-04 09:32:57,0,000999ff5c475ab8ad4a7a08ce9004b9e9;00fcffedaf9251d3cfda005b49ccb2959b;001bdeba803c78c1517396463da7deefb3;0037b5d3e5107f3ad9a98af9dce6717433;006298910dafe1b01699ac021658d4fa35;005ab455fecd7c04eccadc1a62eeb42f71;0018d84eda4006fb656845cb895b196f26
15507PRVMOut1287_UKCleaningServices1287_M_Tonic,0038326136f6f0e85eaa3f2332bf26d5c6,20,2020-02-04 09:32:57,0,000999ff5c475ab8ad4a7a08ce9004b9e9;00fcffedaf9251d3cfda005b49ccb2959b;001bdeba803c78c1517396463da7deefb3;0037b5d3e5107f3ad9a98af9dce6717433;006298910dafe1b01699ac021658d4fa35;005ab455fecd7c04eccadc1a62eeb42f71;0018d84eda4006fb656845cb895b196f26
15362PRVTOut1278_NLHairTransplant1278_T_Tonic,0018e5cbdb23660767c4b3afb9d7632fa9,20,2020-02-04 09:32:57,0,003ccd577ca7fa643b99f8f901c4ed0d59;009de2521bed19c4409bc0771fa3c43507
16213PRVAOut1180_NLCredit1180_A_Tonic,007e12e2a1981ba6f9762eebb00abdc5d6,20,2020-02-04 09:32:57,0
16815PRVDOut1188_NLOfficeSpace1188_D_Tonic,00ec59d4ea307a492cf40b70535bec63b3,20,2020-02-04 09:32:58,0
16516PRVDOut1274_NOPlumbingServicesA1274_D_Tonic,002ce0988b972dfd3a5a2b32a4db8e4289,20,2020-02-04 09:32:58,0
15320PRVDOut2253_UKHairTransplantation2253_D_Tonic,0034eb36eced4065c0fbe6035953a465f3,20,2020-02-04 09:32:58,0,0032a864ebad279c95d3dfc976841e54d0;00326469c3db12ff99375a30883896b52a
16815PRVDOut1258_NLOfficeSpace1258_D_Tonic,007c0a54b28def653be0e4a100385416b1,20,2020-02-04 09:32:58,0
ADVANCED AUDIENCE TARGETING,0073d05aed460fb55df374e23e00c7f525,20,2020-02-04 09:32:58,0
16516PRVDOut2252_NOPlumbingServicesA2252_D_Tonic,0047727710ecaf8c71f525b5a5307aee94,20,2020-02-04 09:32:58,0
15507PRVMOut2294_UKCleaningServices2294_M_Tonic,009b60f684c789c715016473cb893123b6,20,2020-02-04 09:32:58,0,000999ff5c475ab8ad4a7a08ce9004b9e9;00fcffedaf9251d3cfda005b49ccb2959b;001bdeba803c78c1517396463da7deefb3;0037b5d3e5107f3ad9a98af9dce6717433;006298910dafe1b01699ac021658d4fa35;005ab455fecd7c04eccadc1a62eeb42f71;0018d84eda4006fb656845cb895b196f26
17320PRVAOut1248_ESHybridA1248_A_Tonic,00f8a6c96cd3322286f0cc78a337e19a8c,20,2020-02-06 07:54:17,0
15440PRVAOut1124_ILLocksmith1124_A_Tonic,00c161e36cf3af27b202865555916c2472,20,2020-02-06 07:54:17,0
15440PRVMOut1186_ILLocksmith1186_M_Tonic,00371369bea86225de1bb9dfdb45d58083,20,2020-02-06 07:54:17,0
AUDIENCE SEGMENTS EXCLUDE,0088c175ad51c42f2a7713e53dce5a12bc,20,2020-02-06 07:54:17,0,00e9cdd26803d2d14b47bd23fba06f8339;00bca4ba32ba95fd369334ce12b7da5f2a;0032a864ebad279c95d3dfc976841e54d0;00326469c3db12ff99375a30883896b52a
AUDIENCE SEGMENTS EXCLUDE 2,004774b105a245127dbce636fa377faaa5,50,2020-05-10 08:43:33,0
AUDIENCE SEGMENTS EXCLUDE #COPY-09f13b60-92bd-11ea-9,0075074d302dccba395a1619d510c187c3,50,2020-05-10 08:52:01,0
AUDIENCE SEGMENTS EXCLUDE #COPY-3c7adaa0-92bd-11ea-a,00ccef8e50e8be8677b0027b71da6a04b7,50,2020-05-10 08:53:26,0
AUDIENCE SEGMENTS EXCLUDE #COPY-4b530e30-92bd-11ea-b,007e0d923dc01314d0a8d1b45199bce930,50,2020-05-10 08:53:53,0
AUDIENCE SEGMENTS EXCLUDE #COPY-7028d5a0-92bd-11ea-a,000b428a43c5c1ee3efd0beea10ee688c8,50,2020-05-10 08:54:53,0
AUDIENCE SEGMENTS EXCLUDE #COPY-5c6fe520-92be-11ea-b,003b41b9135195053c656a3308f540f2ab,50,2020-05-10 09:01:30,0
AUDIENCE SEGMENTS EXCLUDE #COPY-6917a420-92be-11ea-9,001d1ded5ed5e8c4a18a4e1a0c1d011afd,50,2020-05-10 09:01:50,0
AUDIENCE SEGMENTS EXCLUDE #COPY-720dccd0-92be-11ea-8,000bb5e54b153cf968cbf9dec33241c377,50,2020-05-10 09:02:06,0
AUDIENCE SEGMENTS EXCLUDE #COPY-703db900-92c4-11ea-b,008f21cbaba20c8e67a3f897a071192ebd,50,2020-05-10 09:44:59,0
AUDIENCE SEGMENTS EXCLUDE #COPY-9ae6e550-92c4-11ea-8,005cdd329e611057c00b4ccf62b1fa6a63,50,2020-05-10 09:46:11,0
AUDIENCE SEGMENTS EXCLUDE #COPY-e9dbe890-92c4-11ea-9,00ce59900478bab4baf92bf4a870bd8952,50,2020-05-10 09:48:23,0
AUDIENCE SEGMENTS EXCLUDE #COPY-4f5a0bf0-92c7-11ea-8,00df6821d22503737a4249309f2abfe36a,50,2020-05-10 10:05:33,0
AUDIENCE SEGMENTS EXCLUDE #COPY-0b11c590-92c8-11ea-a,00fb37055f69bcc083b80b9df500674efe,50,2020-05-10 10:10:47,0
AUDIENCE SEGMENTS EXCLUDE #COPY-6a094b90-92c8-11ea-8,00c2efc3ff663d6a3bf9ffa3e56bfd3161,50,2020-05-10 10:13:27,0
AUDIENCE SEGMENTS EXCLUDE #COPY-acb6b130-92c8-11ea-b,00adf1c2f5cae0f52716d1a0e67e20fd23,50,2020-05-10 10:15:19,0
AUDIENCE SEGMENTS EXCLUDE #COPY-26007f30-92c9-11ea-b,00d10380d313fa0a64ae6212523ef924c9,50,2020-05-10 10:18:42,0
AUDIENCE SEGMENTS EXCLUDE #COPY-7ac2a5c0-92c9-11ea-b,008622f545b8b0d3c2792c8254076477a4,50,2020-05-10 10:21:04,0
AUDIENCE SEGMENTS EXCLUDE #COPY-a31c9570-92ca-11ea-9,0075620cfdddbb59647a4f02972af9d3e3,50,2020-05-10 10:29:22,0
AUDIENCE SEGMENTS EXCLUDE #COPY-b66c2050-92ca-11ea-8,0002c200f86bd7ea9861af4dfbc33d4191,50,2020-05-10 10:29:54,0
AUDIENCE SEGMENTS EXCLUDE #COPY-4711ab40-92ce-11ea-9,00e68b6a8c58ac0ccf6566813abe40ea2d,50,2020-05-10 10:55:26,0
AUDIENCE SEGMENTS EXCLUDE #COPY-1343e150-92d0-11ea-a,009f8bcf3d4263fee02aab7a2912bfe6dc,50,2020-05-10 11:08:23,0
AUDIENCE SEGMENTS EXCLUDE #COPY-26bfd360-92d0-11ea-a,00ffc0779123d66c1b0b06b9bf3df99efa,50,2020-05-10 11:08:50,0
AUDIENCE SEGMENTS EXCLUDE #COPY-88f32370-92d0-11ea-b,002f74328f0c9c25e91e1283ec5f33ae4c,50,2020-05-10 11:11:35,0
AUDIENCE SEGMENTS EXCLUDE #COPY-e4d6d9c0-92d0-11ea-a,005024d6fc5518d9fbf0c1ff77f06c3d82,50,2020-05-10 11:14:09,0
AUDIENCE SEGMENTS EXCLUDE #COPY-5eb100e0-92d1-11ea-a,00def2a95611a9b6b349f89fb2ab2a7861,50,2020-05-10 11:17:33,0
AUDIENCE SEGMENTS EXCLUDE #COPY-062aabf0-9309-11ea-a,0057be66bd7fe40f49fb944c047f0d1b58,50,2020-05-10 17:55:57,0
AUDIENCE SEGMENTS EXCLUDE #COPY-806fc9e0-9309-11ea-a,00cbe0b1b9128a71c774e1a6ac83caf0a7,50,2020-05-10 17:59:22,0
AUDIENCE SEGMENTS EXCLUDE #COPY-d6037140-9309-11ea-a,0042bb90c231f3972ee5d00ade5e899631,50,2020-05-10 18:01:46,0
AUDIENCE SEGMENTS EXCLUDE #COPY-e691e050-9309-11ea-a,007dbb813638285786d46ea08a7e478897,50,2020-05-10 18:02:13,0
AUDIENCE SEGMENTS EXCLUDE #COPY-d9d78e40-930a-11ea-b,005acd2cbeea65a0d1dc6faf4c34a90368,50,2020-05-10 18:09:01,0
AUDIENCE SEGMENTS EXCLUDE #COPY-0dbc77c0-930b-11ea-a,00d607f7f14d0194cafdeff7c1ba3c90d5,50,2020-05-10 18:10:28,0
AUDIENCE SEGMENTS EXCLUDE #COPY-73745ab0-930b-11ea-a,00e3b78680351121a798db37f819bb465b,50,2020-05-10 18:13:19,0
AUDIENCE SEGMENTS EXCLUDE #COPY-761d3390-930b-11ea-9,00477f5d3c2d2d64acc32555852c8506c0,50,2020-05-10 18:13:23,0
AUDIENCE SEGMENTS EXCLUDE #COPY-cb60b0f0-9380-11ea-8,00b7775917013d038fbad223a0719c8892,50,2020-05-11 08:13:18,0
AUDIENCE SEGMENTS EXCLUDE #COPY-3b0f6e40-9382-11ea-b,00feee0dea2e7b73c1f4b957aad9ca664a,50,2020-05-11 08:23:35,0
AUDIENCE SEGMENTS EXCLUDE #COPY-1b27b7f0-9386-11ea-8,0075f19f73b0c4271e08f2351348ad12ad,50,2020-05-11 08:51:19,0
AUDIENCE SEGMENTS EXCLUDE #COPY-70b5e110-9386-11ea-9,00be0a07f46b8bbd5438986de8d6a5f4de,50,2020-05-11 08:53:43,0
AUDIENCE SEGMENTS EXCLUDE #COPY-b015a250-9386-11ea-9,000920ff7121b6fcabccb95bab6723c579,50,2020-05-11 08:55:29,0
AUDIENCE SEGMENTS EXCLUDE #COPY-08455be0-9388-11ea-9,0056a1dddcb0b60e34793a0d222c1752d0,50,2020-05-11 09:05:11,0
AUDIENCE SEGMENTS EXCLUDE #COPY-3336dbd0-9388-11ea-9,00ea9d513abe4c7e81727bdc4251882e72,50,2020-05-11 09:06:19,0
ADVANCED AUDIENCE TARGETING 2,006ab414c38255e54fcbaa0c634de6ce6a,50,2020-05-11 09:06:19,0
AUDIENCE SEGMENTS RETARGETING 2,007eb27c08f0676ce23da7ea2676ccea4d,50,2020-05-11 09:06:21,0
AUDIENCE SEGMENTS EXCLUDE #COPY-53243aa0-9388-11ea-9,00a5b5f28facd43aab10ede418d6482157,50,2020-05-11 09:07:12,0
AUDIENCE SEGMENTS EXCLUDE #COPY-6785d1c0-9388-11ea-b,00476b76df9bc8f1a3834f1f2f005ea84b,50,2020-05-11 09:07:48,0
AUDIENCE SEGMENTS EXCLUDE #COPY-9b22dcd0-9388-11ea-9,00d58aef20fc47a158bf1c40764a596e61,50,2020-05-11 09:09:13,0
AUDIENCE SEGMENTS RETARGETING 3,00e63a4a43e2379cdca504705c9ba25655,50,2020-05-11 09:09:13,0
AUDIENCE SEGMENTS EXCLUDE #COPY-ac26a2f0-9388-11ea-b,0060ef4ad41563f25e5f039dc13458b857,50,2020-05-11 09:09:42,0
ADVANCED AUDIENCE TARGETING 3,00324e383c2ba7190b26ec431ef898c024,50,2020-05-11 09:09:42,0
AUDIENCE SEGMENTS EXCLUDE #COPY-0aaec550-9389-11ea-a,00e8ac9a667914d44bc4f41970afbcaa6a,50,2020-05-11 09:12:20,0
AUDIENCE SEGMENTS EXCLUDE #COPY-62552010-9389-11ea-a,00c66df4e46b6d73c104c4f9b2fc87c5c4,50,2020-05-11 09:14:47,0
AUDIENCE SEGMENTS EXCLUDE #COPY-9316f7a0-9389-11ea-a,00f1170d9ede5cd000ead943237353f2fb,50,2020-05-11 09:16:09,0
AUDIENCE SEGMENTS EXCLUDE #COPY-b65f6850-9389-11ea-b,00a0a595f9b5d18d9ea48c3b9b07cc4d0a,50,2020-05-11 09:17:16,0
AUDIENCE SEGMENTS EXCLUDE #COPY-177efe70-938a-11ea-a,003b8d38bc4e7b8cae2967091d1d150028,50,2020-05-11 09:19:51,0
AUDIENCE SEGMENTS EXCLUDE #COPY-3bdeab80-938a-11ea-b,00bf79f6667be20bb55ec2c869fec5a589,50,2020-05-11 09:20:52,0
AUDIENCE SEGMENTS EXCLUDE #COPY-47e9b550-938a-11ea-9,004640321c18a62a76ed95bc1f43ff18c1,50,2020-05-11 09:21:16,0
AUDIENCE SEGMENTS EXCLUDE #COPY-995cff00-938a-11ea-8,00602fd8d753d87858d0cd0d560b09020f,50,2020-05-11 09:23:29,0
test4,0025afd5a5feb361b18d1ace50cc192e92,20,2020-06-02 11:50:19,0
test2,0086cea564a58d749f4ce15a5788d669e6,20,2020-06-02 11:50:19,0,003ccd577ca7fa643b99f8f901c4ed0d59;009de2521bed19c4409bc0771fa3c43507
test3,00e4008f6ba3cea5c449793586301fd206,20,2020-06-02 11:50:19,0
test1,00597f741c7559cd196f1541f3b79bc375,20,2020-06-02 11:50:20,0
AUDIENCE SEGMENTS EXCLUDE #COPY-da8e8a40-a576-11ea-8,009dcac2479f89da9aafdc135db2ef7f76,50,2020-06-03 04:47:31,0
AUDIENCE SEGMENTS EXCLUDE #COPY-e7fdf420-a578-11ea-b,003c89fc2c69e2bab73dc5577fd3c7e97d,50,2020-06-03 05:02:12,0
AUDIENCE SEGMENTS EXCLUDE #COPY-c58bc9c0-a579-11ea-9,0028db82fc071d4c5ad0fb9b498bee5858,50,2020-06-03 05:08:24,0
AUDIENCE SEGMENTS EXCLUDE #COPY-50b18380-a57c-11ea-a,00be1d7002ed050fbaf8a4960f89cdbc1d,50,2020-06-03 05:26:37,0
AUDIENCE SEGMENTS EXCLUDE #COPY-546b13a0-a57d-11ea-8,00eaecb08e5e491cd17ffce003f923075f,50,2020-06-03 05:33:53,0
AUDIENCE SEGMENTS EXCLUDE #COPY-6387a330-a57d-11ea-a,00e56150dbd25f0bcace02447d5550dba1,50,2020-06-03 05:34:18,0
AUDIENCE SEGMENTS EXCLUDE #COPY-9aeb2c20-a57d-11ea-9,0092d9215e510563b72342fd24349b4fd2,50,2020-06-03 05:35:51,0
AUDIENCE SEGMENTS EXCLUDE #COPY-dee66e80-a57d-11ea-b,00d045f452b50e168dbf0e5c1411dd5d33,50,2020-06-03 05:37:44,0
AUDIENCE SEGMENTS EXCLUDE #COPY-e99f07b0-a57d-11ea-a,00f96596a222761d220405b408addd9a98,50,2020-06-03 05:38:03,0
AUDIENCE SEGMENTS RETARGETING #COPY-e9956ac0-a57d-11ea-a,00c55b7599603a6f9f12cc3ff91f483f2b,50,2020-06-03 05:38:03,0
ADVANCED AUDIENCE TARGETING #COPY-e9a4fb20-a57d-11ea-a,00614e20dc5a7e25b85ec8887e4bba862b,50,2020-06-03 05:38:03,0
AUDIENCE SEGMENTS EXCLUDE #COPY-1f692bf0-a57e-11ea-a,00781626fdcb2d79d8c8ad98b764cc0fc6,50,2020-06-03 05:39:33,0
AUDIENCE SEGMENTS EXCLUDE #COPY-28a11890-a57e-11ea-8,00c1dd4de7559e0cb94f9c39ad727a3789,50,2020-06-03 05:39:48,0
AUDIENCE SEGMENTS RETARGETING #COPY-359b3d50-a57e-11ea-9,00cd833be3583c15c1a1ba86cce9afa312,50,2020-06-03 05:40:10,0
ADVANCED AUDIENCE TARGETING #COPY-359570f0-a57e-11ea-9,001a5aaa59733005b3329c46831ee1cc8d,50,2020-06-03 05:40:10,0
AUDIENCE SEGMENTS EXCLUDE #COPY-359dfc70-a57e-11ea-9,003020f7142f7e163b4148bf0d5292a5a6,50,2020-06-03 05:40:10,0
AUDIENCE SEGMENTS EXCLUDE #COPY-541499c0-a57e-11ea-b,0090f3ba7053eed13e7a109031368344b8,50,2020-06-03 05:41:01,0
AUDIENCE SEGMENTS RETARGETING #COPY-541276e0-a57e-11ea-b,00c76d9f3630ddcb7593b24b2b769dddcb,50,2020-06-03 05:41:01,0
ADVANCED AUDIENCE TARGETING #COPY-541b0260-a57e-11ea-b,00da037e693f2ca76f6c949a726217946b,50,2020-06-03 05:41:01,0
AUDIENCE SEGMENTS EXCLUDE #COPY-5f820400-a57e-11ea-9,00c02e6d72d2c3565f52fcf470cc40f93b,50,2020-06-03 05:41:21,0
ADVANCED AUDIENCE TARGETING #COPY-e1585ce0-aa33-11ea-9,00f6c0614077a0436fb66948a083943bf1,50,2020-06-09 05:30:41,0
AUDIENCE SEGMENTS RETARGETING #COPY-e14e4ac0-aa33-11ea-9,0085046eaf64e882382375429901b1d1a9,50,2020-06-09 05:30:41,0
AUDIENCE SEGMENTS EXCLUDE #COPY-e135b9b0-aa33-11ea-9,009c32f50dfb30927ae125925b4abd740a,50,2020-06-09 05:30:42,0
15320PRVDOut2253_UKHairTransplantation2253_D_Tonic #COPY-81fcb680-aa36-11ea-a,00d56d134791f7b42d931298d71d5b0bb8,50,2020-06-09 05:49:30,0
15320PRVDOut2253_UKHairTransplantation2253_D_Tonic #COPY-c58cdb00-aa36-11ea-b,006b377bc0fc6ec1158b8761854b92182f,50,2020-06-09 05:51:23,0
15320PRVDOut2253_UKHairTransplantation2253_D_Tonic #COPY-06459c90-aa37-11ea-b,00efbc5824cc098b42851afe3fb244bab9,50,2020-06-09 05:53:12,0
15320PRVDOut2253_UKHairTransplantation2253_D_Tonic #COPY-0f6c4b20-aa37-11ea-a,00ae0e2775418ecb3ccb22ee57af18bf3c,50,2020-06-09 05:53:27,0
15320PRVDOut2253_UKHairTransplantation2253_D_Tonic #COPY-6b98a330-aa37-11ea-a,00cb5f75ac77e77ac9b53b068c0d25d54f,50,2020-06-09 05:56:02,0
15320PRVDOut2253_UKHairTransplantation2253_D_Tonic #COPY-d691b5c0-aa3a-11ea-8,00e1bb9a26d90b4f19acbf3add16580d9a,50,2020-06-09 06:20:30,0,000999ff5c475ab8ad4a7a08ce9004b9e9;00e9cdd26803d2d14b47bd23fba06f8339
15320PRVDOut2253_UKHairTransplantation2253_D_Tonic #COPY-d691b5c0-aa3a-11ea-8 #COPY-efd031e0-aa3c-11ea-b,00a18b1758394192c29ab3c6268fa98393,50,2020-06-09 06:35:31,0
15320PRVDOut2253_UKHairTransplantation2253_D_Tonic #COPY-d691b5c0-aa3a-11ea-8 #COPY-60c42810-aafc-11ea-a,004451b5eac6386c84869e5b293d642fcf,50,2020-06-10 05:25:54,0
15320PRVDOut2253_UKHairTransplantation2253_D_Tonic #COPY-d691b5c0-aa3a-11ea-8 #COPY-76c9f950-aafc-11ea-8,004641c0e72a30f8d2e5d4ba5e5eb45a15,50,2020-06-10 05:26:31,0
15320PRVDOut2253_UKHairTransplantation2253_D_Tonic #COPY-d691b5c0-aa3a-11ea-8 #COPY-b4962cd0-aafd-11ea-b,000efea6eb5ce97608b1752e3d72b1854e,50,2020-06-10 05:35:24,0
15320PRVDOut2253_UKHairTransplantation2253_D_Tonic #COPY-d691b5c0-aa3a-11ea-8 #COPY-e0b0c370-aafd-11ea-b,000bb0958f0d45a242115c88e3f5f170dc,50,2020-06-10 05:36:38,0
15320PRVDOut2253_UKHairTransplantation2253_D_Tonic #COPY-d691b5c0-aa3a-11ea-8 #COPY-9e61b500-aafe-11ea-9,0075d8394bdd68a664b4a694fa97b9fae6,50,2020-06-10 05:41:57,0
15320PRVDOut2253_UKHairTransplantation2253_D_Tonic #COPY-d691b5c0-aa3a-11ea-8 #COPY-3fcfee50-ab01-11ea-b,00ca5aeee6bbdf633a278176cb8588ecb6,50,2020-06-10 06:00:47,0
15320PRVDOut2253_UKHairTransplantation2253_D_Tonic #COPY-d691b5c0-aa3a-11ea-8 #COPY-7b6f0140-ab05-11ea-9,0092ffb93d2fa031ac7ddc6ec26d1b1410,50,2020-06-10 06:31:05,0
15320PRVDOut2253_UKHairTransplantation2253_D_Tonic #COPY-d691b5c0-aa3a-11ea-8 #COPY-82f6a5d0-ab05-11ea-9,00935189c0c79799fc6b0c7421a5fc6980,50,2020-06-10 06:31:17,0
15320PRVDOut2253_UKHairTransplantation2253_D_Tonic #COPY-d691b5c0-aa3a-11ea-8 #COPY-a70d6300-ab05-11ea-a,009202080bd04ed81ece06ac74abc9d71f,50,2020-06-10 06:32:18,0
15320PRVDOut2253_UKHairTransplantation2253_D_Tonic #COPY-d691b5c0-aa3a-11ea-8 #COPY-6c2db630-ab06-11ea-9,003b24ef6f16f7c42a20f85fd74165f463,50,2020-06-10 06:37:48,0
15320PRVDOut2253_UKHairTransplantation2253_D_Tonic #COPY-d691b5c0-aa3a-11ea-8 #COPY-de4e5de0-ab07-11ea-9,00d1e30035fe7aefa48e5104749c815fdd,50,2020-06-10 06:48:10,0
15320PRVDOut2253_UKHairTransplantation2253_D_Tonic #COPY-d691b5c0-aa3a-11ea-8 #COPY-2296d5e0-ab08-11ea-8,00676a2d0745d427c1d2650c46b5a19f30,50,2020-06-10 06:50:04,0
15320PRVDOut2253_UKHairTransplantation2253_D_Tonic #COPY-d691b5c0-aa3a-11ea-8 #COPY-4cf17790-ab09-11ea-8,00c7837cf997765325907289fbdb9ce841,50,2020-06-10 06:58:24,0
15320PRVDOut2253_UKHairTransplantation2253_D_Tonic #COPY-d691b5c0-aa3a-11ea-8 #COPY-7a22dff0-ab0a-11ea-a,00f50d3f482d8ba82f2f4c1c4faa0dadf8,50,2020-06-10 07:06:50,0
15320PRVDOut2253_UKHairTransplantation2253_D_Tonic #COPY-d691b5c0-aa3a-11ea-8 #COPY-fe2742f0-ab0a-11ea-a,0082c4d4fd539093671ee5c84c8f2a5f8b,50,2020-06-10 07:10:31,0
15320PRVDOut2253_UKHairTransplantation2253_D_Tonic #COPY-d691b5c0-aa3a-11ea-8 #COPY-7c11c230-ab0b-11ea-9,008b97d2a3156eedf248fb9b7b036c470e,50,2020-06-10 07:14:04,0
15320PRVDOut2253_UKHairTransplantation2253_D_Tonic #COPY-d691b5c0-aa3a-11ea-8 #COPY-04d35f20-ab0c-11ea-b,008dae5462e8c3e8e84e38e828a663d5b2,50,2020-06-10 07:17:52,0
15320PRVDOut2253_UKHairTransplantation2253_D_Tonic #COPY-d691b5c0-aa3a-11ea-8 #COPY-57b3a650-ab0c-11ea-a,00b11ee3bd2331e98a58f78d061736bb00,50,2020-06-10 07:20:11,0
15320PRVDOut2253_UKHairTransplantation2253_D_Tonic #COPY-d691b5c0-aa3a-11ea-8 #COPY-68359240-ab0c-11ea-a,00eb1553ba5b0dc2d162dc09c763bce2df,30,2020-06-10 07:20:40,0
15320PRVDOut2253_UKHairTransplantation2253_D_Tonic #COPY-d691b5c0-aa3a-11ea-8 #COPY-8f601f20-ab0c-11ea-b,009dfcc30e475c048b9b93556be11e2ea9,30,2020-06-10 07:21:44,0
15320PRVDOut2253_UKHairTransplantation2253_D_Tonic #COPY-d691b5c0-aa3a-11ea-8 #COPY-ba6cc830-ab0c-11ea-9,000debeb09adddd689b4772ffa710a1480,30,2020-06-10 07:22:57,0
15320PRVDOut2253_UKHairTransplantation2253_D_Tonic #COPY-d691b5c0-aa3a-11ea-8 #COPY-144d0d60-ab0d-11ea-9,006a67702a3053f1c62729badc3875c2b1,30,2020-06-10 07:25:28,0
15320PRVDOut2253_UKHairTransplantation2253_D_Tonic #COPY-d691b5c0-aa3a-11ea-8 #COPY-52cccee0-ab0d-11ea-8,001a9e5d743213742dfe1207f833a4c9b8,30,2020-06-10 07:27:12,0
15320PRVDOut2253_UKHairTransplantation2253_D_Tonic #COPY-d691b5c0-aa3a-11ea-8 #COPY-51f2ecd0-ab11-11ea-a,0002767b37488e75f190e3dcea1573913a,30,2020-06-10 07:55:49,0
ADVANCED AUDIENCE TARGETING #COPY-a3c466a0-ab12-11ea-b,006f41827d72c9cbb679521a14093e264a,50,2020-06-10 08:05:16,0
15320PRVDOut2253_UKHairTransplantation2253_D_Tonic #COPY-d691b5c0-aa3a-11ea-8 #COPY-a3d07490-ab12-11ea-b,0068358c140a09666ab7d04cf07438c809,30,2020-06-10 08:05:16,0
AUDIENCE SEGMENTS RETARGETING #COPY-a3d619e0-ab12-11ea-b,006866b2910a489f3a941c9f815b4b52a8,50,2020-06-10 08:05:16,0
ADVANCED AUDIENCE TARGETING #COPY-c297a2e0-ab12-11ea-9,002ffa7f1ec57d555b4908113c78e00749,50,2020-06-10 08:06:08,0
15320PRVDOut2253_UKHairTransplantation2253_D_Tonic #COPY-d691b5c0-aa3a-11ea-8 #COPY-c2c087a0-ab12-11ea-9,00e2f80af177ce111d5fe4c77e08cf9151,30,2020-06-10 08:06:08,0
AUDIENCE SEGMENTS RETARGETING #COPY-c2a49b30-ab12-11ea-9,00409bbe954d4b0b0263db81dffe6e2472,50,2020-06-10 08:06:08,0
AUDIENCE SEGMENTS RETARGETING #COPY-e0934e60-ab13-11ea-b,009f4df0069e00b20b39659ebaf7435025,50,2020-06-10 08:14:07,0
ADVANCED AUDIENCE TARGETING #COPY-e0983060-ab13-11ea-b,0080243051a2ecb7d63c2eb04891773974,50,2020-06-10 08:14:07,0
15320PRVDOut2253_UKHairTransplantation2253_D_Tonic #COPY-d691b5c0-aa3a-11ea-8 #COPY-e0912b80-ab13-11ea-b,0076353b3bfefac616930e4416ce032842,30,2020-06-10 08:14:07,0
15320PRVDOut2253_UKHairTransplantation2253_D_Tonic #COPY-31abb6d0-acd5-11ea-a,004a28f87c6928c140a9c52728bb7d47a1,20,2020-06-12 13:50:26,0
15320PRVDOut2253_UKHairTransplantation2253_D_Tonic #COPY-7e65e870-acd9-11ea-a,00cae129a07bfd4fabdf9494fb027d0b1c,20,2020-06-12 14:21:13,0
15320PRVDOut2253_UKHairTransplantation2253_D_Tonic #COPY-7dad5160-acda-11ea-9,00e9b35c4b0e30d01394efa4dac227a140,20,2020-06-12 14:28:21,0
15320PRVDOut2253_UKHairTransplantation2253_D_Tonic #COPY-83283600-acda-11ea-9,00f537447301f29b5da030f114a8b66003,20,2020-06-12 14:28:30,0
15320PRVDOut2253_UKHairTransplantation2253_D_Tonic #COPY-f40b4a10-acda-11ea-8,0075d527b595445f95e2e4e4f60c9f69fc,20,2020-06-12 14:31:39,0
15320PRVDOut2253_UKHairTransplantation2253_D_Tonic #COPY-14316c20-acdb-11ea-a,00bdd2fcd8f21236166d05fd79479a5d4c,20,2020-06-12 14:32:33,0
15320PRVDOut2253_UKHairTransplantation2253_D_Tonic #COPY-35496840-acdb-11ea-9,0066324289c0193a75f7df50f702e5bddc,20,2020-06-12 14:33:29,0
15320PRVDOut2253_UKHairTransplantation2253_D_Tonic #COPY-3847db30-acdb-11ea-b,00fadf240f9ee1b41ce83465793e5ba09c,20,2020-06-12 14:33:34,0
ADVANCED AUDIENCE TARGETING #COPY-383871e0-acdb-11ea-b,002fa084e0e33c1afbbf1a5e423fe0f73d,50,2020-06-12 14:33:34,0
AUDIENCE SEGMENTS RETARGETING #COPY-384d5970-acdb-11ea-b,00bdccbccb1eddadfdd3ad512812535a88,50,2020-06-12 14:33:34,0
15320PRVDOut2253_UKHairTransplantation2253_D_Tonic #COPY-ff8764e0-acdb-11ea-a,005ebaaef4a4933e710f75e25ecd5faf44,20,2020-06-12 14:39:08,0
ADVANCED AUDIENCE TARGETING #COPY-ff8960b0-acdb-11ea-a,00b10b2b39e30e96757002b578555e6bec,50,2020-06-12 14:39:08,0
AUDIENCE SEGMENTS RETARGETING #COPY-ff851af0-acdb-11ea-a,0086afd24d049b915d9ff4a9f3cd6f1c04,50,2020-06-12 14:39:08,0
